Location,Soil Moisture (%),Soil Type,Temperature (Â°C),Humidity (%),Rainfall (mm),Wind Speed (km/h),Evaporation Rate (mm/day),Drought Risk Level,Prediction Accuracy (%)
Australia,35.75,Sandy,29.17,21.05,126.69,15.85,12.63,High,86.07
Texas,28.19,Sandy,39.44,23.79,84.3,13.52,11.55,Low,74.95
California,5.29,Silt,41.72,78.43,179.69,47.63,7.7,Medium,97.96
Spain,21.1,Loam,35.05,23.31,158.4,34.83,1.9,Medium,89.69
South Africa,32.52,Sandy,22.37,70.46,25.69,48.49,7.03,Medium,73.03
Spain,35.25,Silt,43.24,48.69,93.81,33.53,10.96,Low,89.04
Australia,13.11,Sandy,37.13,67.89,64.76,1.11,6.43,High,81.63
Mexico,6.15,Peat,38.65,16.66,112.88,28.05,8.74,Medium,97.82
South Africa,15.09,Sandy,34.88,76.3,69.95,40.1,12.99,Medium,83.51
Nevada,17.77,Silt,29.73,16.25,31.82,6.35,3.53,Medium,75.3
South Africa,16.3,Chalk,29.12,55.03,91.7,12.35,4.55,High,92.11
Australia,14.17,Clay,31.36,45.83,23.82,23.17,12.71,Medium,71.22
Brazil,28.93,Clay,28.4,15.48,25.33,23.04,1.52,Low,97.91
Mexico,32.46,Loam,32.67,52.17,67.39,16.69,7.84,Low,83.0
South Africa,13.72,Silt,29.72,45.84,172.25,25.52,14.62,Medium,96.3
Brazil,35.46,Clay,32.41,35.3,149.67,11.85,10.24,High,72.91
Mexico,10.34,Clay,33.83,38.06,44.36,2.86,9.37,Medium,76.8
Nevada,12.55,Chalk,26.11,10.03,90.84,25.67,6.59,Low,80.01
Australia,15.56,Sandy,40.57,12.21,73.69,42.19,10.92,High,96.98
Spain,26.55,Loam,32.77,22.3,151.58,29.41,7.53,High,85.23
California,21.68,Clay,20.59,55.5,160.92,15.41,6.41,Medium,92.67
Brazil,12.45,Peat,43.63,53.78,177.33,16.8,3.36,Low,72.07
Brazil,7.1,Peat,33.95,79.16,0.15,27.71,7.72,High,82.3
India,9.99,Silt,27.86,17.79,198.39,11.12,3.94,Medium,91.47
Texas,36.37,Peat,34.66,11.2,181.71,48.39,8.71,High,70.75
India,10.46,Silt,44.53,50.7,76.37,18.6,8.94,Low,85.93
California,30.0,Silt,32.31,45.41,178.66,3.99,3.85,High,97.63
Arizona,27.16,Loam,33.41,71.81,175.62,30.73,11.18,High,79.7
Mexico,17.49,Loam,28.19,70.21,70.87,44.17,7.47,High,79.63
India,7.01,Silt,30.11,64.8,158.54,30.76,11.31,Low,76.39
Mexico,28.99,Clay,28.49,15.17,37.67,36.36,2.89,Medium,74.44
Spain,34.4,Sandy,21.86,58.46,188.65,29.19,7.96,High,75.05
Texas,32.59,Sandy,28.64,29.99,177.72,29.89,2.36,Low,95.66
Arizona,35.47,Clay,41.52,12.21,118.57,3.97,1.32,High,79.97
Arizona,10.01,Chalk,20.86,27.74,14.86,43.8,11.59,Low,76.58
India,25.56,Clay,34.05,16.53,90.42,48.52,5.06,High,94.06
Australia,22.12,Loam,32.72,37.29,187.65,44.56,1.84,Medium,90.51
Brazil,12.66,Peat,37.32,57.63,77.14,15.55,5.18,Medium,82.6
Mexico,18.9,Sandy,40.91,54.29,78.75,12.53,10.01,High,76.36
Arizona,36.31,Silt,33.68,65.45,176.06,37.76,9.67,Low,87.27
Australia,11.08,Clay,34.25,48.44,40.36,41.06,2.88,Medium,92.69
Nevada,29.64,Loam,35.31,68.77,68.6,45.14,2.92,Medium,86.14
South Africa,28.05,Peat,22.85,44.2,176.3,34.11,9.43,Low,86.14
Brazil,33.04,Loam,32.47,58.46,129.36,18.86,14.18,Low,98.11
Nevada,10.21,Peat,36.39,79.95,148.12,3.67,3.12,Medium,98.06
Spain,21.06,Silt,40.74,67.01,84.7,21.84,3.38,Low,90.72
Texas,33.1,Loam,31.5,18.99,29.78,9.45,8.66,High,89.46
Arizona,25.55,Sandy,25.1,60.34,66.2,19.38,7.62,High,95.2
Spain,14.06,Clay,42.07,49.82,59.01,8.98,8.09,High,98.18
South Africa,22.88,Peat,42.81,42.93,140.75,41.53,5.88,High,73.79
Australia,24.01,Chalk,20.4,44.91,33.17,24.46,1.89,Medium,90.51
Australia,37.98,Loam,40.82,62.05,78.59,41.22,13.0,High,77.07
South Africa,15.36,Clay,43.93,27.93,161.9,40.48,7.52,Medium,95.26
Brazil,8.74,Loam,23.31,47.24,198.96,30.81,4.37,Low,90.24
South Africa,9.97,Silt,32.35,42.2,15.25,5.04,12.02,High,92.53
Australia,23.88,Clay,30.46,19.71,3.33,29.57,13.23,High,72.87
Nevada,8.22,Peat,36.41,39.38,95.67,21.17,7.24,High,93.2
Australia,39.89,Loam,22.42,71.63,92.43,27.51,1.48,Low,90.48
Mexico,35.95,Loam,40.08,43.51,101.03,20.63,12.71,Medium,87.64
Texas,8.67,Peat,28.09,50.69,182.35,48.46,4.62,Medium,73.92
Brazil,23.74,Loam,34.95,51.04,154.9,15.99,2.57,High,84.59
Texas,32.84,Clay,22.69,76.51,35.73,14.77,8.52,Medium,71.86
Arizona,10.57,Peat,24.66,34.11,169.33,47.66,8.8,Low,78.74
Arizona,5.29,Chalk,35.92,59.15,150.5,14.71,13.83,Low,87.08
Australia,32.72,Chalk,31.74,61.04,169.84,46.95,8.54,Low,82.23
Mexico,28.44,Loam,31.42,20.98,195.73,21.63,7.73,Low,77.6
Texas,17.22,Clay,39.65,35.91,146.95,46.39,13.39,Medium,95.32
India,19.18,Loam,25.04,27.95,128.19,36.67,1.69,Medium,72.72
Spain,25.69,Loam,25.72,21.89,166.78,9.49,1.31,Medium,93.23
Australia,12.02,Clay,26.99,66.55,172.82,48.29,9.71,Medium,98.76
Mexico,5.16,Peat,24.2,16.69,98.45,16.97,14.61,High,84.12
Brazil,16.33,Clay,28.6,24.1,96.73,5.65,2.66,Medium,75.48
Australia,16.58,Sandy,38.78,15.56,140.52,33.59,12.79,Medium,79.22
Mexico,22.53,Peat,33.48,69.06,100.75,21.01,12.07,Medium,78.87
Arizona,8.9,Chalk,22.62,50.92,37.09,28.78,9.36,High,87.67
India,33.24,Clay,38.49,34.37,182.63,40.67,5.75,Low,82.76
Texas,26.24,Chalk,39.74,30.79,95.81,4.13,2.72,Low,79.33
India,25.59,Chalk,38.28,40.85,114.76,6.9,13.0,Medium,79.62
Australia,35.66,Chalk,38.58,66.09,186.3,14.79,12.07,Low,96.19
California,9.1,Sandy,32.97,50.44,142.18,7.64,9.75,Medium,77.11
Brazil,34.74,Loam,34.87,65.28,118.44,11.4,9.4,High,78.18
California,30.84,Loam,38.3,66.16,30.66,48.73,8.17,Medium,71.93
Texas,7.59,Clay,44.02,60.91,173.71,33.29,14.93,High,74.0
Texas,24.46,Loam,33.74,37.11,123.54,0.45,2.94,Medium,81.27
India,17.69,Clay,20.04,38.66,68.23,4.6,12.2,Low,74.88
Australia,23.76,Clay,35.34,58.3,140.66,40.99,8.76,Low,96.72
Arizona,38.98,Clay,32.63,47.37,49.7,12.39,2.21,Medium,71.69
California,6.99,Clay,40.81,10.44,5.05,8.14,8.07,Medium,89.22
Arizona,15.68,Peat,41.61,12.83,176.28,9.35,3.82,Medium,71.59
Brazil,5.95,Peat,27.43,76.76,172.66,2.79,3.2,Low,73.51
Brazil,12.45,Loam,25.14,38.65,16.44,26.71,11.52,High,96.2
Texas,9.29,Peat,30.2,22.71,1.86,17.68,11.64,Medium,83.49
Arizona,38.04,Peat,40.52,50.69,27.0,17.04,3.29,Low,89.12
Spain,20.8,Silt,31.22,59.38,91.87,31.68,6.91,Low,94.19
South Africa,18.22,Sandy,22.53,35.75,0.47,44.57,6.96,Low,81.3
Nevada,7.64,Chalk,39.93,21.02,138.33,49.79,9.99,Low,77.69
Arizona,20.85,Peat,28.21,10.01,198.25,34.59,4.05,Medium,88.27
Texas,31.13,Peat,29.55,13.97,107.21,46.78,11.95,Low,78.93
Spain,21.54,Peat,31.9,53.41,125.42,41.53,2.16,High,95.19
India,7.28,Peat,31.19,40.43,161.74,24.99,4.16,Low,95.03
South Africa,22.76,Clay,29.53,66.61,194.3,47.6,9.27,High,88.8
Nevada,23.89,Peat,41.83,58.54,29.6,48.35,11.49,Medium,82.84
Nevada,5.68,Peat,28.12,72.39,24.97,20.85,14.55,High,74.04
Brazil,20.99,Loam,24.97,22.53,199.42,13.05,10.62,Medium,72.53
Spain,38.96,Peat,43.27,55.99,121.96,45.42,4.61,Low,75.79
South Africa,27.33,Clay,34.47,69.9,122.47,31.12,2.9,Low,96.64
Nevada,20.9,Loam,24.57,70.07,39.73,19.02,11.31,Medium,88.27
Australia,5.56,Peat,31.92,76.5,120.37,6.0,12.76,Medium,87.99
South Africa,10.85,Sandy,24.45,78.39,105.21,23.89,11.16,High,94.2
Arizona,9.08,Chalk,22.06,63.61,193.64,17.18,10.76,Medium,82.58
Mexico,32.5,Loam,44.73,32.47,19.87,49.14,5.96,High,95.28
Arizona,9.24,Sandy,33.49,50.57,136.2,22.49,4.55,High,70.25
California,10.09,Peat,33.32,53.25,114.76,33.85,10.95,Low,87.56
Nevada,21.79,Chalk,27.15,39.34,65.83,43.78,12.75,Medium,94.01
Spain,7.19,Loam,35.49,36.33,64.31,33.29,13.81,Medium,88.08
Mexico,13.6,Peat,29.66,35.73,6.42,25.38,4.1,High,85.84
Brazil,37.73,Chalk,24.12,66.95,11.03,14.17,9.56,High,78.01
Australia,29.68,Loam,39.34,35.95,153.76,9.54,14.7,Medium,88.8
California,21.0,Sandy,22.81,57.76,54.85,0.48,3.31,Low,84.62
Texas,31.91,Chalk,27.4,60.91,53.6,17.33,12.76,High,78.99
India,33.93,Chalk,35.04,62.81,79.93,49.75,11.86,High,91.3
South Africa,28.9,Sandy,41.13,62.39,110.67,0.62,12.69,Medium,98.66
Australia,11.12,Sandy,23.64,16.92,18.32,19.31,14.05,Low,74.71
Spain,25.97,Silt,43.17,61.15,152.15,1.73,2.62,Medium,70.53
Mexico,17.21,Clay,29.14,75.97,199.97,27.69,5.39,Low,89.4
Spain,27.48,Silt,36.27,76.17,21.38,24.64,4.52,Medium,98.13
Arizona,35.2,Loam,22.18,59.25,82.05,18.45,6.08,Low,86.79
South Africa,9.32,Peat,34.92,12.67,69.99,39.71,7.81,High,89.36
Nevada,16.57,Clay,39.21,78.37,94.23,43.86,7.15,Low,84.7
Spain,15.16,Clay,37.58,40.03,30.48,15.14,3.37,Medium,72.24
India,14.6,Chalk,28.45,18.27,98.46,35.96,2.13,High,80.87
Texas,29.41,Peat,31.57,43.39,121.43,14.58,13.46,Low,74.35
Arizona,20.45,Loam,28.73,64.2,135.76,24.63,14.11,Medium,84.83
Brazil,21.63,Clay,20.8,43.74,34.2,13.92,10.78,Medium,87.64
South Africa,9.4,Peat,33.48,20.76,23.6,28.29,14.08,High,94.07
Arizona,9.58,Silt,38.91,68.93,54.33,36.04,10.42,High,75.33
Australia,26.23,Sandy,33.02,46.28,57.28,19.33,5.2,High,86.63
India,34.01,Sandy,25.68,24.26,32.15,8.68,8.65,Medium,73.39
California,24.48,Sandy,31.7,47.52,160.56,2.99,9.97,Medium,71.06
Mexico,6.89,Loam,28.58,59.83,152.73,14.54,3.59,Low,89.29
Texas,29.38,Loam,42.68,11.21,20.56,44.69,11.53,High,92.47
Mexico,37.29,Silt,43.34,29.97,177.74,29.73,11.01,Low,76.83
South Africa,6.81,Chalk,28.75,13.16,55.99,48.89,10.66,High,96.45
Australia,15.05,Silt,24.87,72.54,134.15,41.02,9.48,High,93.57
Spain,30.33,Clay,44.57,26.2,160.58,30.3,6.62,High,81.69
Spain,11.89,Silt,20.84,28.63,133.52,23.94,4.64,High,88.63
Australia,26.23,Silt,41.27,47.55,123.08,5.32,3.25,High,90.85
Nevada,11.68,Sandy,35.93,37.98,188.01,25.01,9.26,Medium,80.19
Brazil,8.38,Silt,20.21,62.69,82.97,3.56,11.8,Medium,96.95
Brazil,9.91,Clay,29.3,41.85,161.56,27.19,12.97,Low,73.78
India,37.86,Silt,41.76,12.54,162.25,23.15,1.75,Medium,76.04
Spain,6.01,Clay,24.97,31.35,183.05,48.49,4.56,Low,95.24
South Africa,19.07,Loam,25.23,41.97,91.24,17.02,2.52,High,90.46
Arizona,24.03,Chalk,42.07,60.69,26.67,36.76,2.82,Medium,70.32
South Africa,12.5,Silt,38.93,79.03,182.26,43.39,8.29,Medium,71.77
Arizona,18.89,Silt,40.7,40.82,17.24,8.41,9.28,High,78.77
Texas,9.27,Peat,37.53,72.9,169.29,44.07,13.96,High,81.81
Mexico,28.32,Peat,32.6,26.69,65.83,20.47,14.14,Medium,70.77
Nevada,39.5,Silt,34.42,67.79,89.67,47.99,14.32,Medium,83.04
Australia,36.23,Clay,29.37,17.05,32.85,37.89,13.4,Low,88.43
Texas,36.22,Peat,35.7,70.18,70.03,30.28,4.82,Low,92.35
Arizona,32.4,Loam,41.28,62.6,135.81,38.59,2.14,High,89.95
California,34.4,Sandy,22.81,53.36,113.08,9.12,1.03,High,96.82
Nevada,25.19,Loam,44.82,60.97,176.75,48.54,13.11,High,71.16
Arizona,6.62,Chalk,20.41,70.46,179.94,22.19,10.25,Low,70.79
Nevada,37.76,Chalk,42.75,12.06,133.41,27.22,6.12,Low,72.94
South Africa,31.45,Clay,37.32,13.51,8.75,11.17,11.05,Low,88.97
Mexico,16.8,Peat,25.94,49.14,150.59,25.18,8.21,High,90.92
Brazil,31.29,Peat,41.94,53.37,157.06,26.53,9.26,Medium,71.33
California,27.31,Chalk,35.59,53.78,173.42,22.9,1.59,Medium,82.62
Mexico,36.19,Clay,36.84,23.57,55.28,43.64,6.67,Medium,76.79
Australia,15.4,Silt,31.61,33.16,80.61,7.58,11.68,Medium,80.27
Australia,28.07,Sandy,25.98,75.53,18.38,0.98,2.06,Medium,84.53
Texas,17.64,Silt,29.19,75.16,102.57,10.0,6.05,Medium,77.67
Australia,34.56,Chalk,38.48,27.73,63.37,19.09,8.09,High,95.64
Mexico,39.31,Chalk,43.56,60.88,143.17,2.36,11.45,Medium,70.47
Mexico,38.74,Sandy,42.01,44.75,137.35,31.75,11.76,High,90.28
India,30.57,Chalk,27.92,69.69,29.49,24.71,2.89,Medium,77.33
Arizona,9.43,Loam,23.22,29.26,177.93,38.19,12.14,High,83.38
Australia,22.22,Clay,24.71,17.31,38.0,10.2,5.07,High,70.33
Spain,22.89,Silt,43.24,39.64,31.91,9.36,5.78,Low,87.83
Australia,18.91,Sandy,40.66,62.18,69.8,15.93,2.27,Low,76.41
Mexico,22.03,Chalk,42.75,33.46,112.32,29.86,6.63,Medium,83.33
California,31.96,Loam,20.15,72.31,145.4,31.4,9.36,High,93.93
Nevada,25.63,Loam,28.06,47.59,172.07,44.99,3.76,High,87.81
Australia,12.52,Silt,40.51,53.52,42.33,24.47,2.05,Low,73.8
South Africa,15.94,Peat,25.28,15.36,96.03,44.55,12.72,High,95.36
Brazil,13.45,Silt,41.42,13.95,86.2,15.17,5.41,Medium,80.33
Nevada,30.97,Sandy,21.67,48.52,122.81,11.66,10.71,Low,97.4
Brazil,12.29,Clay,25.31,55.3,77.73,46.85,4.44,Low,96.31
Brazil,9.69,Sandy,26.29,10.88,73.97,15.86,7.25,High,87.25
Spain,23.49,Peat,20.74,43.11,157.96,2.2,14.82,High,89.33
Texas,26.36,Loam,42.24,11.64,89.29,12.81,7.72,Medium,81.39
Arizona,36.77,Silt,41.2,30.35,45.87,15.65,9.44,High,90.66
Nevada,7.83,Chalk,25.56,35.26,29.34,15.87,12.54,Low,84.46
California,17.23,Loam,33.06,77.79,7.82,3.21,13.75,Low,91.83
Spain,15.48,Silt,40.72,59.0,30.09,34.3,9.27,Medium,98.46
South Africa,37.85,Chalk,34.44,79.89,98.98,14.26,1.5,Low,95.19
California,30.56,Silt,30.54,73.67,22.77,43.19,9.49,High,89.53
Texas,14.75,Peat,31.65,11.29,19.35,12.86,5.3,Low,71.48
Arizona,20.72,Peat,26.16,67.23,93.9,31.02,6.43,Medium,71.71
India,19.95,Clay,29.18,73.15,62.63,34.47,5.49,Low,78.38
Mexico,13.28,Loam,43.29,66.39,196.53,16.25,10.72,High,79.99
Nevada,21.84,Loam,28.71,58.4,90.62,23.73,3.61,Low,78.78
India,11.55,Loam,33.52,22.34,104.3,27.15,2.05,Medium,87.84
India,16.29,Silt,23.26,24.22,102.9,0.64,9.3,Medium,88.03
Spain,16.73,Clay,37.78,41.9,179.24,12.02,7.85,Low,85.01
California,36.38,Silt,43.96,26.97,102.25,25.89,4.32,High,91.67
Arizona,23.37,Chalk,29.05,70.63,183.92,20.51,2.15,High,90.24
California,24.37,Sandy,22.44,18.43,127.64,8.24,10.94,High,88.06
South Africa,28.37,Clay,43.5,74.46,103.35,4.86,6.97,High,84.39
Spain,14.09,Sandy,30.06,52.47,193.6,37.74,8.19,Medium,74.58
California,26.41,Sandy,27.43,12.84,70.6,32.62,4.04,High,81.84
Brazil,10.99,Silt,35.31,65.58,96.05,34.45,2.4,Low,75.59
India,7.27,Peat,42.42,14.22,82.5,47.37,4.37,Low,88.85
Brazil,24.23,Sandy,42.78,69.43,16.87,6.47,10.86,High,88.45
Texas,15.95,Clay,42.48,72.95,136.12,9.72,10.16,Medium,97.58
Spain,24.53,Peat,44.99,32.1,11.01,36.6,3.89,Medium,95.44
Australia,22.69,Silt,29.02,30.15,168.89,1.03,11.79,Medium,83.71
Spain,37.42,Loam,23.12,71.29,117.66,41.87,5.56,Medium,93.27
California,28.32,Loam,29.44,36.24,6.05,7.16,4.52,Low,96.54
Australia,10.82,Chalk,20.01,67.41,2.46,2.35,2.94,Low,88.49
Brazil,14.99,Peat,26.29,48.09,14.74,10.35,3.76,High,91.17
Australia,32.72,Silt,26.31,64.25,123.05,36.33,14.53,Low,75.36
California,20.53,Peat,20.4,43.22,130.72,39.49,6.79,High,84.94
Texas,20.78,Peat,25.58,21.27,89.57,39.1,6.59,Low,98.93
Nevada,16.73,Clay,43.05,69.29,124.52,28.13,1.73,Low,90.49
Texas,10.46,Sandy,27.46,41.48,109.85,35.79,13.77,Medium,95.05
Spain,14.03,Clay,33.0,44.43,139.35,0.69,13.39,Medium,79.81
Mexico,37.54,Silt,40.33,55.82,90.14,1.41,1.22,High,91.72
Arizona,13.93,Sandy,40.87,42.29,6.89,12.39,12.76,Medium,97.65
Texas,19.3,Loam,35.2,70.98,7.05,25.1,4.93,Low,82.02
Australia,5.83,Silt,33.0,38.73,187.2,5.69,5.9,Low,90.46
Arizona,12.09,Peat,38.14,31.22,115.15,36.03,4.49,High,72.18
South Africa,23.03,Loam,39.52,72.49,165.09,4.62,7.02,High,94.45
Brazil,23.02,Sandy,36.04,75.61,178.75,40.46,6.23,Low,85.78
Arizona,32.29,Loam,36.51,27.41,76.91,23.85,6.73,High,88.75
South Africa,11.69,Sandy,43.56,12.41,177.43,9.85,14.27,High,72.79
Brazil,23.01,Loam,30.13,70.85,166.84,5.97,3.52,High,76.44
India,10.44,Clay,42.36,35.88,50.5,10.02,10.26,Low,82.54
Arizona,23.94,Peat,22.32,41.57,55.47,13.3,10.96,Low,95.14
India,23.09,Peat,44.74,53.76,8.13,29.31,14.36,Medium,95.55
Texas,6.93,Chalk,28.4,73.77,177.35,3.5,11.58,High,84.34
Nevada,11.85,Loam,34.08,38.71,31.74,37.07,12.42,High,86.44
Arizona,34.81,Sandy,36.4,74.58,60.78,26.69,10.3,Medium,93.24
Spain,34.65,Chalk,27.64,11.71,187.71,41.4,14.48,High,97.1
Brazil,6.72,Clay,24.75,45.1,54.52,48.96,11.41,Low,94.49
Brazil,19.67,Loam,39.49,23.65,100.92,6.71,9.65,High,96.77
California,34.61,Clay,20.88,11.01,123.9,29.57,8.51,Low,72.37
Brazil,20.58,Chalk,41.73,28.35,169.13,3.38,6.87,Low,76.48
Brazil,7.12,Silt,30.16,22.14,87.13,35.14,9.9,High,90.56
California,14.96,Loam,37.43,24.78,22.03,28.95,8.39,Medium,94.98
California,17.26,Sandy,37.64,19.32,107.13,37.35,6.08,Low,94.95
South Africa,9.35,Clay,40.7,52.22,109.12,29.26,5.73,High,94.18
Arizona,12.94,Loam,23.51,54.71,179.24,36.82,3.89,Medium,73.64
California,15.86,Clay,38.35,58.97,21.39,0.5,13.5,Low,74.18
Texas,19.34,Clay,44.14,72.83,5.86,27.52,2.59,Low,72.61
Nevada,34.54,Sandy,27.05,57.18,127.33,21.12,1.1,Medium,84.35
Spain,7.74,Sandy,31.39,26.92,143.54,22.6,5.51,Medium,87.86
Brazil,5.43,Clay,27.01,36.68,47.37,5.51,13.38,Low,76.06
Brazil,11.07,Clay,44.01,67.06,155.15,6.46,14.61,Low,70.43
Australia,12.9,Peat,40.83,14.23,147.89,42.09,6.33,Medium,98.17
Mexico,33.64,Silt,44.76,19.19,30.04,30.62,9.57,Medium,73.04
Arizona,33.5,Sandy,26.75,67.39,162.92,27.1,13.05,High,77.94
Mexico,29.01,Loam,33.59,34.32,143.5,19.66,6.47,Low,97.7
India,9.38,Chalk,37.3,12.17,165.19,28.62,8.41,High,80.58
Mexico,39.36,Peat,41.88,53.13,123.51,28.72,14.41,Low,78.17
South Africa,16.07,Chalk,22.61,45.28,169.96,42.07,8.57,Low,93.07
Spain,20.21,Silt,35.31,68.4,149.56,34.7,6.45,Medium,87.17
Mexico,35.86,Loam,38.38,29.71,133.52,17.15,12.44,Low,98.61
India,19.88,Sandy,24.16,40.91,86.32,16.62,14.39,High,76.24
Australia,34.7,Peat,21.04,62.16,131.79,10.78,9.24,Medium,74.78
India,23.43,Chalk,29.81,44.05,90.52,0.69,8.64,High,96.34
India,28.84,Loam,23.51,16.27,148.72,48.43,14.09,Low,87.75
South Africa,38.0,Peat,32.88,63.84,92.43,40.14,2.88,Medium,71.37
Texas,7.06,Silt,37.85,28.8,98.88,25.36,1.9,Low,78.47
South Africa,28.94,Loam,31.17,35.62,113.99,9.3,9.08,Low,76.17
Australia,16.62,Loam,32.5,39.62,156.82,26.39,6.07,Low,71.51
Brazil,10.21,Chalk,30.5,48.65,199.39,0.39,7.37,Medium,89.32
Brazil,39.39,Silt,44.28,31.66,79.49,10.73,1.87,Medium,82.9
Brazil,14.11,Sandy,37.63,72.36,166.92,3.3,5.53,Low,87.99
Australia,39.19,Chalk,41.44,20.35,177.82,44.4,7.89,Medium,94.57
Australia,5.28,Clay,25.87,16.49,164.25,36.76,6.31,Medium,70.69
Nevada,18.2,Silt,44.7,39.82,159.57,36.65,2.73,Medium,85.45
India,7.06,Sandy,30.48,27.13,12.39,13.48,3.32,Low,86.37
South Africa,32.54,Peat,20.88,50.02,3.88,8.75,7.73,Medium,71.85
Australia,21.22,Loam,38.19,27.57,140.41,43.88,8.48,High,85.31
Arizona,30.27,Clay,27.85,54.02,142.49,39.29,6.31,Low,82.62
Brazil,28.94,Clay,30.36,18.51,145.32,35.65,4.41,Low,85.62
Nevada,10.99,Peat,39.43,67.98,178.01,25.53,8.85,Medium,91.8
Nevada,23.31,Clay,39.54,43.58,186.7,38.17,2.94,Low,88.04
India,11.36,Chalk,36.21,63.21,151.6,13.68,6.27,High,95.0
Nevada,23.75,Sandy,38.1,79.87,156.58,1.79,4.9,Medium,86.48
Australia,36.75,Clay,38.96,63.0,196.11,33.66,6.46,Medium,86.88
South Africa,26.81,Chalk,44.34,14.23,161.85,3.64,1.07,Low,76.53
Mexico,21.98,Chalk,25.39,12.17,193.19,35.58,8.82,Medium,72.91
India,29.44,Peat,38.99,31.74,38.52,29.8,6.21,Low,86.71
Nevada,28.75,Clay,24.83,16.72,190.18,1.97,2.76,High,76.69
South Africa,32.9,Sandy,33.53,54.97,186.6,4.02,3.8,Medium,88.52
Australia,8.29,Clay,39.83,66.94,12.55,6.03,4.3,High,96.57
Australia,22.02,Loam,31.07,34.3,135.03,0.3,11.57,Low,89.87
Nevada,7.85,Chalk,44.37,34.28,77.32,40.51,2.09,Low,70.56
India,35.38,Silt,24.49,35.2,170.77,37.27,2.24,Low,82.62
Brazil,15.94,Silt,42.1,40.24,126.08,9.93,11.2,Low,83.83
Australia,19.86,Sandy,37.83,33.14,149.74,42.65,10.22,Low,85.87
Australia,14.74,Peat,33.98,30.46,91.05,46.89,12.76,Medium,79.32
Australia,35.84,Peat,22.13,38.98,57.79,20.5,11.31,High,80.28
South Africa,6.25,Chalk,35.54,17.05,61.61,40.93,13.66,High,92.38
Brazil,13.8,Peat,26.95,62.94,0.42,23.67,10.13,Medium,75.63
Brazil,36.69,Clay,21.49,48.98,114.7,47.25,9.34,Medium,87.96
South Africa,11.89,Peat,24.43,79.87,136.89,19.63,6.55,Low,96.08
Brazil,13.83,Sandy,29.19,16.5,86.47,37.52,13.6,High,96.64
India,11.69,Sandy,31.33,59.94,117.54,14.3,1.48,Low,96.61
Texas,33.71,Loam,36.95,40.93,134.04,21.49,11.15,Low,86.59
South Africa,39.47,Sandy,42.13,47.06,11.23,41.89,5.87,High,95.22
Nevada,16.26,Clay,24.72,53.29,168.05,15.99,3.85,Medium,90.4
South Africa,31.11,Peat,21.63,74.67,56.37,14.98,14.88,Low,82.12
Spain,23.84,Peat,37.33,33.6,152.74,31.28,13.34,Low,91.76
Mexico,26.27,Peat,31.25,72.55,129.74,31.16,1.85,Low,89.96
India,23.17,Loam,39.65,55.29,121.48,29.6,7.46,Medium,85.24
Mexico,29.36,Chalk,30.0,45.42,52.92,22.79,9.38,Medium,95.87
Nevada,26.5,Peat,27.23,12.97,8.58,47.62,8.39,Low,78.62
Nevada,19.67,Peat,41.62,48.27,24.1,30.38,13.05,High,81.94
Mexico,12.27,Sandy,21.48,70.23,137.1,9.34,6.87,High,97.57
Australia,15.44,Chalk,29.66,43.4,99.79,9.81,13.69,Low,77.93
India,27.91,Peat,30.38,38.59,89.88,43.02,14.35,High,90.26
Brazil,10.15,Clay,25.45,30.86,117.52,3.33,5.52,High,70.59
Texas,16.05,Chalk,25.58,78.34,58.15,5.03,7.3,Low,97.99
Spain,34.34,Clay,26.46,27.66,57.12,21.6,2.89,High,80.67
Arizona,6.39,Peat,32.53,31.81,125.58,16.71,1.73,Low,98.32
Spain,16.42,Peat,36.08,19.28,183.05,14.69,5.69,Medium,95.92
Australia,15.54,Peat,23.3,40.26,29.36,28.95,11.22,Low,95.04
California,15.01,Chalk,22.68,48.41,42.35,28.77,11.59,High,72.22
Australia,10.41,Peat,25.38,64.14,158.38,41.1,10.42,Low,77.59
South Africa,8.27,Sandy,26.2,47.13,154.29,15.36,11.62,Medium,78.36
Brazil,11.99,Chalk,41.27,55.2,109.24,18.4,8.43,Medium,79.67
South Africa,31.41,Loam,24.98,68.8,184.87,34.04,5.35,Low,79.78
Australia,29.71,Peat,26.3,44.75,122.34,1.55,6.28,High,92.13
Spain,32.5,Peat,40.49,45.8,26.41,23.66,11.21,Medium,91.34
South Africa,16.59,Chalk,33.83,57.19,32.03,25.68,9.04,Low,88.55
Brazil,37.13,Loam,23.07,21.66,45.76,27.42,5.14,Low,89.96
Texas,26.55,Loam,24.87,28.13,53.91,41.77,12.87,Low,87.13
Texas,7.35,Silt,27.97,21.16,122.13,40.96,7.76,High,96.99
Spain,31.9,Silt,34.98,58.3,47.32,10.27,4.5,Medium,81.73
Arizona,33.8,Sandy,29.31,41.53,48.52,4.1,10.01,Low,78.41
California,37.54,Peat,34.87,45.04,85.42,33.99,3.35,Low,88.38
South Africa,12.45,Clay,37.09,50.33,8.19,24.5,10.75,Low,81.07
Mexico,14.08,Chalk,35.02,60.58,141.47,31.81,10.72,Low,98.81
Spain,14.1,Peat,28.13,49.52,100.71,2.99,7.91,Medium,71.3
Spain,16.76,Silt,28.19,26.22,140.81,17.92,13.19,Low,92.06
India,22.65,Clay,44.4,70.6,30.46,13.66,14.28,Medium,98.29
Australia,11.42,Clay,31.29,57.41,99.01,2.9,6.27,High,81.26
Brazil,13.53,Chalk,23.86,47.79,126.89,18.73,3.02,High,71.3
Arizona,22.14,Peat,27.98,19.99,55.04,15.08,4.29,Low,79.6
Arizona,25.31,Clay,29.93,73.42,189.39,46.39,14.13,Medium,89.16
California,16.03,Clay,41.95,18.64,157.86,22.64,1.06,Medium,94.65
Brazil,39.67,Clay,25.73,56.01,55.52,17.35,4.96,Medium,86.35
India,26.2,Loam,37.01,33.69,50.61,24.7,6.07,Medium,97.67
California,10.43,Silt,20.47,27.19,115.28,31.61,1.3,Medium,84.54
Arizona,30.87,Peat,43.28,26.25,8.72,26.0,6.61,Low,78.98
Nevada,7.19,Sandy,22.57,37.39,153.63,44.24,14.48,Low,79.31
Spain,37.21,Silt,38.08,34.26,176.58,29.33,11.3,Low,70.4
South Africa,23.77,Loam,31.45,30.43,199.33,38.22,13.86,Medium,77.25
Australia,32.44,Silt,36.56,34.33,0.86,45.81,3.91,Low,80.42
India,38.18,Chalk,24.65,11.55,34.33,40.99,12.57,High,79.99
Arizona,30.22,Loam,34.99,64.47,89.61,6.47,4.19,High,95.27
Mexico,22.26,Chalk,30.18,62.78,101.99,12.49,9.92,Medium,88.33
Australia,21.74,Sandy,42.76,74.11,196.01,34.76,14.6,High,88.77
Texas,17.91,Sandy,23.19,27.92,118.6,47.05,10.17,Low,71.04
India,10.63,Sandy,35.56,64.44,13.07,28.39,5.27,High,84.04
Texas,19.96,Peat,21.43,24.03,134.29,46.66,1.4,Medium,70.41
South Africa,34.84,Clay,21.32,12.45,182.12,7.05,2.97,High,91.0
Brazil,12.16,Loam,23.24,29.33,149.35,1.86,8.91,Medium,90.87
Brazil,11.15,Loam,39.78,76.1,62.95,41.14,3.79,Medium,77.99
Nevada,37.68,Loam,38.94,36.95,160.25,19.07,1.82,High,89.35
Brazil,19.86,Clay,24.45,18.67,197.34,24.12,6.9,Low,84.65
Brazil,10.69,Sandy,28.59,69.3,24.28,42.54,6.32,Medium,81.19
Nevada,20.44,Silt,37.49,60.81,131.07,21.49,12.87,Medium,89.95
Texas,20.42,Peat,22.08,25.69,166.71,22.69,4.82,High,84.08
Nevada,10.34,Peat,26.29,71.03,113.96,23.31,12.78,Low,77.32
California,6.97,Clay,33.1,54.05,27.98,4.58,2.48,High,73.52
Spain,22.99,Chalk,29.15,79.57,50.16,46.72,4.56,High,87.68
South Africa,23.66,Loam,32.16,56.17,25.17,44.1,14.34,Medium,98.34
Mexico,30.04,Peat,23.52,35.84,123.34,36.61,3.96,Low,88.29
Nevada,18.95,Clay,20.48,29.64,11.12,44.93,9.88,High,79.03
India,19.24,Peat,32.32,65.97,42.35,10.4,6.16,High,77.75
Texas,32.72,Peat,21.22,30.38,198.74,27.17,5.01,Low,70.76
California,24.53,Sandy,39.82,44.99,94.13,33.41,5.08,Low,73.55
South Africa,13.24,Loam,41.99,37.34,100.62,19.43,1.39,High,89.65
California,11.02,Silt,32.01,10.39,176.01,27.08,11.04,High,87.78
Brazil,27.53,Loam,39.4,28.21,121.58,39.58,1.5,Low,80.04
India,5.64,Loam,24.01,39.5,162.28,26.1,10.2,Low,84.76
Spain,39.54,Loam,26.17,16.92,38.88,48.48,12.63,Medium,70.21
Spain,34.52,Sandy,27.07,36.19,92.43,26.74,6.63,High,88.66
India,37.09,Loam,29.32,75.55,141.16,5.68,4.12,Low,70.08
Texas,12.4,Chalk,34.87,30.17,56.44,18.94,13.25,High,95.14
South Africa,31.05,Loam,22.26,46.51,0.26,0.06,12.85,Low,86.73
California,20.12,Loam,44.89,25.82,40.65,14.86,7.38,Medium,78.49
Brazil,32.49,Clay,35.14,22.66,192.79,47.95,2.52,High,72.9
Spain,27.63,Silt,21.93,57.9,116.43,24.39,6.23,High,92.93
Brazil,7.93,Loam,43.39,69.3,147.16,20.71,9.18,High,91.4
Spain,16.08,Peat,25.81,53.03,21.13,15.12,5.74,High,75.42
South Africa,17.41,Loam,38.82,71.39,20.65,11.86,6.05,Medium,72.39
Mexico,37.2,Chalk,23.63,48.32,175.25,15.1,1.17,Low,78.57
Australia,27.98,Chalk,22.0,50.85,19.49,1.13,4.4,High,94.39
Mexico,22.98,Sandy,22.75,42.64,49.77,43.09,10.81,Medium,77.45
South Africa,13.97,Silt,22.67,13.84,49.84,26.01,12.01,Medium,95.93
Nevada,31.6,Chalk,39.41,70.83,38.71,12.69,2.46,Low,96.39
California,18.8,Clay,38.72,23.59,166.93,23.64,13.94,Low,76.43
California,33.1,Peat,24.94,23.95,180.97,3.67,7.6,High,91.66
Australia,11.91,Chalk,35.71,63.94,74.6,10.56,3.34,High,93.9
Spain,21.49,Clay,28.5,12.06,23.63,13.65,12.19,Low,93.09
Australia,19.94,Peat,31.57,47.11,102.18,15.93,13.11,Medium,83.81
Spain,9.84,Sandy,27.36,58.16,76.74,14.6,12.36,High,94.32
Texas,24.75,Silt,22.99,45.14,56.5,40.05,3.1,Low,75.44
South Africa,20.14,Peat,22.31,28.73,158.36,22.36,6.76,Low,90.91
Spain,7.15,Loam,28.06,72.32,74.02,41.9,4.19,High,82.03
California,37.75,Silt,21.03,45.88,91.45,24.67,1.89,Medium,72.7
India,19.3,Silt,43.93,24.35,196.99,28.32,7.94,Low,71.35
South Africa,21.4,Clay,44.06,61.3,101.15,28.83,12.69,High,84.97
Australia,17.87,Peat,22.77,54.0,82.85,1.35,2.75,Low,78.51
Brazil,32.8,Chalk,31.0,27.46,118.86,11.39,3.19,High,92.83
India,18.81,Loam,32.95,30.15,25.58,17.01,13.56,High,70.6
Arizona,20.95,Peat,43.62,64.44,158.58,1.09,10.07,Medium,81.52
Australia,6.86,Sandy,26.37,32.99,134.09,23.19,12.68,Low,92.63
India,26.72,Silt,20.14,32.8,128.44,41.93,2.11,Medium,74.32
Nevada,37.73,Loam,38.28,27.36,23.46,11.72,2.34,Medium,87.52
Brazil,28.16,Peat,34.23,33.45,63.94,15.28,14.04,High,86.95
Nevada,20.84,Loam,31.15,41.54,67.12,8.88,6.53,Medium,92.8
Nevada,39.86,Silt,26.26,29.69,125.63,5.4,3.32,Low,93.32
Mexico,34.16,Silt,24.17,28.07,4.87,24.39,10.57,High,92.99
Brazil,16.14,Peat,29.12,11.78,100.74,8.14,12.93,High,73.15
Spain,31.49,Peat,36.79,12.28,176.28,31.69,10.28,Medium,82.41
Australia,14.48,Silt,34.09,42.41,169.7,2.85,9.74,High,77.91
Mexico,31.93,Chalk,36.19,61.79,119.31,22.6,14.31,High,75.41
Texas,24.48,Loam,42.09,41.52,53.24,11.86,8.46,High,70.43
Brazil,8.0,Chalk,41.38,60.39,39.41,10.6,5.14,Low,80.59
South Africa,8.21,Silt,32.76,78.21,107.17,12.01,9.81,High,79.87
California,19.5,Sandy,32.26,51.88,127.6,25.68,14.62,Low,83.71
Texas,7.79,Peat,34.75,11.79,136.57,27.08,13.06,Low,93.03
India,23.33,Loam,40.78,51.86,58.29,32.29,13.9,Low,78.23
Arizona,18.36,Loam,36.33,22.81,57.84,29.47,2.14,Low,90.48
India,38.4,Peat,41.25,14.32,140.09,28.47,14.19,Medium,85.99
Australia,32.64,Loam,26.86,67.76,187.95,35.3,12.29,High,93.11
South Africa,11.47,Chalk,25.94,23.8,114.57,45.34,12.79,Low,93.51
Brazil,20.24,Clay,20.01,73.95,41.6,11.34,6.1,Low,88.43
South Africa,35.03,Chalk,21.17,52.88,195.09,47.89,11.57,High,73.61
Australia,21.69,Peat,30.02,54.75,165.93,23.52,4.47,Low,97.76
California,33.6,Loam,27.5,51.47,199.93,0.38,4.02,Low,83.91
Spain,37.97,Sandy,33.76,54.63,184.64,22.07,3.44,High,71.8
Spain,26.95,Clay,21.66,37.29,22.35,7.25,8.57,Medium,81.81
India,20.88,Peat,42.51,48.73,42.39,29.22,12.58,High,75.8
Nevada,22.88,Sandy,38.39,18.73,80.2,18.45,12.71,Medium,84.18
Brazil,39.33,Clay,44.43,79.19,97.13,36.52,13.35,Low,91.79
California,11.47,Loam,40.27,39.24,106.47,29.36,11.92,High,71.43
Australia,29.16,Chalk,20.82,13.08,48.67,49.3,5.24,Low,96.05
California,13.56,Sandy,29.68,60.6,47.06,10.32,14.69,Low,86.76
India,29.42,Peat,23.41,22.24,88.94,34.23,13.1,High,89.97
California,32.5,Clay,29.0,14.5,10.16,18.28,9.08,Medium,91.08
Texas,9.03,Sandy,40.25,57.9,44.7,32.78,7.97,Medium,93.19
India,7.95,Loam,27.69,71.14,199.28,45.0,4.03,Medium,91.18
India,37.96,Loam,36.9,10.92,93.34,36.0,14.09,High,75.79
California,36.2,Clay,25.64,39.69,175.68,42.71,4.0,Low,72.61
Arizona,10.9,Chalk,33.38,36.7,7.71,29.95,10.24,High,73.2
Brazil,5.82,Loam,34.96,65.7,178.34,34.73,12.41,Low,97.27
Texas,18.48,Sandy,44.85,63.22,38.56,37.05,2.39,High,95.82
South Africa,23.53,Chalk,43.91,72.16,64.61,11.49,13.82,Medium,77.77
Brazil,27.24,Sandy,22.9,25.36,83.0,3.12,9.64,High,88.91
Australia,28.66,Peat,44.38,67.07,76.34,28.02,9.22,Medium,85.55
South Africa,34.82,Sandy,43.0,50.91,11.14,5.88,3.13,Low,82.75
Texas,26.29,Peat,34.35,33.35,190.98,4.4,6.24,High,90.95
Texas,31.67,Peat,28.48,68.61,180.26,0.76,2.62,Low,93.21
Mexico,9.42,Clay,43.73,35.33,64.31,45.95,3.02,High,91.46
Brazil,18.64,Silt,31.96,48.5,102.01,31.88,9.76,Low,92.41
Arizona,29.79,Silt,30.08,77.11,68.15,18.67,7.5,Medium,97.4
Texas,17.51,Sandy,30.15,45.13,107.87,37.51,7.46,Low,80.66
India,21.43,Sandy,34.91,24.8,179.74,39.99,14.07,Medium,92.5
Australia,11.5,Clay,29.62,77.62,183.49,24.23,12.56,High,82.71
Texas,20.49,Chalk,40.85,33.28,76.18,15.62,12.58,High,93.26
Texas,27.81,Sandy,26.4,71.05,177.49,1.64,5.8,Low,73.49
Spain,11.47,Clay,31.98,46.37,179.48,10.57,6.99,Low,86.16
Nevada,30.66,Chalk,23.42,38.67,94.16,22.69,11.5,Medium,70.96
South Africa,19.05,Silt,24.21,50.95,104.6,14.54,1.4,Low,81.55
Arizona,21.66,Silt,36.37,74.13,119.8,8.88,7.8,High,91.26
South Africa,19.95,Silt,43.1,17.47,32.97,48.86,4.43,Low,75.23
Spain,14.08,Clay,44.47,39.77,91.96,18.65,5.28,Low,90.79
Brazil,21.64,Peat,35.84,15.46,96.5,38.57,3.96,High,76.04
Brazil,34.47,Sandy,26.03,77.68,130.24,13.41,7.71,High,78.8
California,14.46,Silt,24.22,77.6,196.68,44.74,5.59,Low,93.69
Arizona,11.13,Silt,26.57,41.72,20.34,46.1,13.82,Medium,89.46
Brazil,33.05,Loam,40.19,75.59,15.9,47.3,8.87,Medium,86.95
India,23.16,Loam,42.14,54.86,103.33,24.92,5.97,Low,79.2
Australia,29.12,Silt,43.29,15.81,170.32,36.98,3.58,Medium,76.78
India,19.17,Chalk,33.14,74.28,12.26,25.28,10.04,Low,91.83
Nevada,11.89,Loam,29.32,54.39,22.18,17.46,1.73,High,96.26
Brazil,27.63,Silt,31.89,53.49,176.0,48.0,7.84,High,87.31
Australia,35.68,Peat,34.86,66.47,21.37,35.45,10.75,Low,94.39
Spain,25.32,Silt,38.92,69.18,153.03,17.67,1.85,High,95.2
Nevada,38.35,Loam,21.93,24.7,136.19,38.93,5.78,Medium,97.13
Arizona,37.55,Silt,43.61,47.08,54.62,28.13,3.49,Low,87.6
Australia,18.67,Clay,24.74,66.14,158.44,8.48,12.08,Low,74.75
Texas,16.42,Loam,39.36,50.22,51.44,8.65,11.58,High,96.27
Australia,12.34,Silt,41.16,71.68,183.65,45.73,11.15,Medium,73.46
Texas,16.65,Chalk,39.36,67.52,30.02,36.31,13.67,High,80.67
Brazil,22.3,Peat,40.97,68.27,39.35,49.62,13.48,Low,93.99
Spain,26.17,Clay,26.61,61.75,116.0,27.36,4.48,Medium,90.28
Nevada,17.3,Loam,24.77,24.29,15.72,18.27,14.02,Medium,98.55
Spain,25.4,Silt,35.3,77.72,165.5,36.99,4.88,High,97.22
South Africa,34.64,Silt,32.07,11.46,171.21,41.87,12.31,High,78.77
Texas,34.65,Clay,35.95,55.41,185.23,18.16,10.25,High,82.92
Australia,28.91,Clay,33.77,40.6,60.92,12.07,12.32,Medium,72.35
Texas,29.94,Silt,22.69,72.2,159.36,3.57,2.13,Low,78.19
Nevada,31.06,Loam,35.49,55.11,9.07,32.25,10.1,Low,93.14
California,24.14,Loam,27.29,77.87,25.73,20.66,12.75,Medium,95.05
South Africa,6.98,Chalk,30.06,69.79,100.77,39.91,9.92,Low,85.42
Australia,31.34,Chalk,43.54,66.44,181.57,4.63,1.83,High,81.02
Texas,14.6,Loam,43.37,67.62,84.49,48.94,9.5,High,90.83
Arizona,21.38,Clay,30.35,73.66,7.51,5.47,10.92,High,73.46
Arizona,8.68,Chalk,36.06,51.73,93.02,37.21,12.73,High,97.72
Brazil,13.16,Loam,38.2,54.65,188.9,11.27,13.62,High,95.5
Mexico,17.62,Silt,21.1,20.92,65.3,34.17,14.67,Medium,94.9
Spain,23.63,Peat,44.74,32.62,77.03,9.01,7.1,Low,72.79
Mexico,31.51,Loam,26.59,12.56,37.8,39.81,10.37,High,88.39
South Africa,22.07,Peat,25.61,15.42,151.57,7.96,8.17,Low,84.2
California,14.66,Chalk,24.28,14.57,21.66,38.08,6.26,High,77.66
India,20.64,Sandy,28.31,10.87,118.12,44.48,4.49,Medium,80.79
California,26.91,Sandy,25.26,58.05,166.19,27.62,11.5,High,88.61
Brazil,17.36,Loam,21.73,40.16,107.61,32.8,12.06,Medium,93.9
California,33.13,Clay,37.03,59.38,53.89,43.91,9.58,High,70.44
Spain,21.73,Loam,27.69,55.34,4.17,9.73,2.87,High,86.35
Brazil,39.31,Loam,30.96,75.05,128.97,14.12,12.71,Low,92.71
Australia,29.4,Sandy,29.55,47.36,116.66,42.96,2.42,Low,88.39
Australia,29.26,Clay,34.78,59.2,80.45,45.68,5.27,Low,96.66
Texas,13.8,Loam,39.96,49.88,122.83,46.17,8.6,High,83.9
India,22.97,Loam,35.11,72.97,144.16,11.93,9.13,Medium,90.69
India,35.71,Silt,31.02,74.72,120.11,21.96,9.14,Low,79.17
Arizona,5.38,Silt,30.54,29.9,151.91,8.77,13.14,Medium,70.25
Arizona,39.5,Clay,23.65,36.8,148.36,10.53,14.01,High,93.23
California,13.42,Sandy,34.63,43.42,126.96,8.77,14.27,High,86.38
Arizona,37.52,Clay,33.23,64.42,164.82,35.63,2.87,Low,91.41
Australia,23.68,Loam,26.04,38.21,142.51,7.1,4.12,High,84.69
Brazil,33.2,Clay,25.22,53.71,152.29,40.49,11.08,Medium,71.15
California,22.99,Chalk,30.26,37.03,81.18,28.2,10.28,Medium,70.26
Texas,19.16,Clay,25.72,37.8,154.35,9.79,2.18,Medium,78.26
India,30.53,Sandy,38.61,78.97,139.83,38.62,12.09,Low,85.09
Arizona,12.16,Silt,24.57,23.2,25.86,3.0,1.24,Low,86.67
South Africa,21.94,Clay,21.16,29.41,52.19,34.56,1.04,Medium,92.41
Mexico,15.54,Chalk,35.51,23.57,61.77,20.93,6.93,Low,78.99
Brazil,15.11,Silt,30.53,33.86,1.04,10.52,1.44,Low,82.56
Nevada,21.78,Clay,44.87,33.98,83.82,41.75,11.69,Low,79.07
Spain,14.88,Peat,25.95,34.74,31.13,36.26,13.3,Low,78.72
Nevada,10.2,Silt,31.34,58.74,122.64,23.63,14.22,Low,81.74
Mexico,16.72,Chalk,33.63,77.55,114.66,44.25,7.25,Medium,90.6
Nevada,18.53,Loam,22.78,42.96,157.44,22.83,3.47,High,90.42
South Africa,36.33,Sandy,30.79,12.85,85.11,36.91,4.73,Medium,87.92
Texas,35.25,Loam,41.35,23.77,79.21,16.93,5.78,Medium,74.52
India,19.98,Clay,33.78,32.33,156.33,43.04,12.17,High,92.64
Texas,35.7,Silt,35.61,63.95,137.91,34.65,9.33,High,72.05
South Africa,12.97,Loam,27.39,51.6,54.83,49.22,6.31,Medium,91.67
Arizona,39.63,Silt,42.78,44.03,31.76,41.47,3.46,High,81.07
California,18.82,Silt,31.48,73.68,87.25,21.96,13.65,High,89.5
South Africa,21.98,Sandy,36.05,72.28,108.99,28.38,14.02,High,87.93
Spain,12.52,Peat,26.73,54.05,139.88,8.51,1.01,High,94.84
Spain,26.29,Peat,29.09,34.09,1.62,36.49,10.62,Medium,82.47
India,31.19,Sandy,39.06,30.64,195.87,18.56,8.47,Medium,78.22
India,16.17,Sandy,33.28,17.8,178.24,15.36,1.82,Low,90.08
California,18.51,Clay,40.83,20.71,144.39,4.5,3.6,Low,73.18
Arizona,10.04,Clay,20.35,33.06,58.42,30.1,12.38,Low,85.82
Texas,33.75,Chalk,33.97,63.6,163.05,28.12,3.44,Medium,96.56
Mexico,31.97,Silt,30.47,69.79,190.38,37.95,12.25,Medium,71.95
Brazil,6.29,Loam,23.93,56.15,107.01,48.64,7.24,High,91.42
California,15.15,Sandy,41.61,66.57,16.74,2.16,10.12,Medium,92.77
Arizona,37.64,Silt,41.09,39.89,28.1,12.23,11.53,High,74.57
Arizona,20.88,Silt,44.14,55.52,168.11,20.22,1.94,High,90.88
Nevada,32.05,Silt,39.85,47.59,158.48,26.06,5.77,High,77.98
Australia,11.22,Silt,38.81,31.86,18.66,29.33,10.38,High,85.87
Australia,38.25,Chalk,23.43,16.2,141.81,17.96,14.06,Medium,95.78
California,9.99,Sandy,41.81,71.53,106.07,25.23,9.94,Low,86.22
Brazil,31.15,Chalk,20.69,59.8,168.53,2.45,3.58,Low,86.83
India,13.64,Sandy,40.05,14.68,159.46,36.2,10.74,Low,86.82
Texas,21.03,Peat,35.12,74.32,144.51,35.71,3.68,Medium,73.78
Australia,19.32,Sandy,24.28,51.7,170.62,30.53,12.06,Medium,94.39
Mexico,39.45,Clay,28.78,38.1,46.39,1.79,2.08,High,95.17
Australia,14.68,Chalk,39.94,32.18,124.75,23.62,12.02,Medium,91.55
Australia,20.26,Sandy,38.14,12.11,17.79,5.42,2.57,Low,88.41
Nevada,29.97,Sandy,26.35,62.55,61.61,0.87,7.31,High,78.32
South Africa,21.45,Clay,28.45,73.52,84.38,43.23,13.58,High,88.48
Arizona,11.88,Loam,30.31,37.47,16.11,43.9,5.91,High,77.02
Arizona,31.19,Sandy,44.94,29.88,151.47,39.05,1.75,Low,89.11
Nevada,39.13,Sandy,20.74,73.98,34.42,33.89,1.63,Medium,89.87
Texas,15.23,Clay,43.79,28.29,79.72,20.16,7.0,Low,98.18
Arizona,24.66,Loam,24.8,16.32,161.75,44.38,5.07,Low,70.95
Australia,32.76,Silt,38.76,16.26,25.94,23.09,1.13,Low,94.42
Brazil,18.02,Clay,29.21,24.53,51.22,18.27,4.33,Medium,92.07
Mexico,31.65,Clay,33.24,43.41,140.92,26.03,3.42,High,91.16
Texas,23.97,Sandy,23.83,75.16,30.9,29.74,14.23,Medium,85.03
Australia,29.0,Sandy,24.87,23.4,153.29,12.58,12.99,Medium,84.85
California,10.86,Clay,44.84,52.4,128.19,26.18,11.47,High,78.51
Australia,20.54,Clay,37.18,69.87,182.82,36.66,7.17,Medium,95.55
Brazil,18.17,Peat,20.12,40.09,149.01,26.0,7.68,High,79.58
Australia,26.2,Silt,25.11,62.15,160.05,23.37,3.44,High,86.22
Texas,22.79,Silt,23.9,63.49,90.18,22.38,13.4,High,75.29
Nevada,23.39,Clay,41.22,28.65,122.95,21.44,3.89,High,95.32
India,36.88,Loam,27.67,47.97,194.72,32.49,2.5,High,92.88
Mexico,15.46,Clay,28.6,52.21,75.98,24.22,4.9,Medium,83.45
Australia,20.72,Chalk,29.29,14.74,69.92,47.37,10.33,Low,82.1
California,18.89,Chalk,37.34,43.56,87.92,34.08,7.95,Medium,81.46
South Africa,37.78,Clay,30.72,79.57,135.15,20.9,5.95,High,81.19
Australia,19.27,Sandy,35.66,79.85,82.23,30.25,10.6,High,88.99
Brazil,15.4,Sandy,36.79,44.36,136.93,8.17,2.97,Low,78.21
Spain,33.19,Silt,23.98,10.69,3.08,41.61,7.09,High,74.28
Arizona,26.1,Sandy,41.3,46.83,106.5,45.41,14.87,High,76.06
Nevada,19.66,Chalk,32.05,76.17,191.68,20.1,10.08,Low,81.87
India,28.76,Sandy,36.26,39.01,82.41,36.3,2.0,High,77.27
India,32.31,Chalk,30.6,51.73,95.93,14.93,10.03,Medium,85.06
Spain,26.05,Loam,38.83,18.0,169.55,42.92,11.46,High,98.0
South Africa,22.68,Chalk,29.07,38.77,140.23,14.43,13.56,Medium,91.07
Arizona,18.38,Peat,22.54,73.7,117.67,28.08,7.12,High,85.79
India,10.62,Sandy,42.79,30.23,53.98,24.19,11.89,High,74.96
South Africa,18.64,Chalk,43.23,51.88,157.01,26.09,2.45,High,83.41
Brazil,11.7,Clay,41.61,19.31,49.25,46.98,7.49,Medium,80.49
Australia,20.38,Silt,27.16,51.63,104.37,23.31,2.82,High,75.36
India,37.05,Chalk,27.72,77.99,116.59,27.21,12.49,Low,97.1
Arizona,18.72,Sandy,23.48,56.73,119.03,30.42,1.16,Low,86.38
California,11.78,Chalk,32.23,33.71,179.97,36.34,3.69,Medium,97.77
Brazil,7.23,Silt,30.97,11.36,158.05,34.6,5.56,High,84.64
Brazil,37.7,Sandy,26.56,26.42,99.1,1.35,9.25,High,85.46
India,19.14,Silt,40.73,71.53,195.15,18.75,3.62,High,70.34
Australia,33.04,Chalk,41.34,33.15,79.7,21.9,11.17,High,71.82
Australia,12.01,Silt,34.05,46.83,88.14,21.35,14.51,Medium,75.82
Australia,36.02,Silt,39.82,64.3,94.66,36.49,10.9,Medium,91.52
Spain,36.4,Peat,32.19,70.85,171.68,15.57,8.13,High,98.64
South Africa,23.95,Peat,25.98,27.88,29.76,11.48,13.45,High,84.59
Arizona,12.66,Silt,31.84,56.44,5.8,12.39,8.47,Medium,85.82
Spain,23.35,Loam,30.74,42.52,145.97,43.9,5.63,Low,92.88
Arizona,19.75,Peat,28.24,31.26,183.89,49.12,1.57,Medium,96.56
Nevada,15.14,Peat,36.73,33.93,190.08,24.1,5.21,Medium,92.67
Mexico,28.02,Chalk,37.73,66.87,0.32,47.93,14.97,High,77.39
India,8.61,Chalk,29.24,66.22,164.26,5.85,13.01,High,88.59
Nevada,36.71,Clay,44.42,28.54,147.38,31.59,5.66,Medium,70.1
Nevada,30.95,Sandy,26.82,32.91,96.44,45.91,7.0,Low,83.6
Brazil,28.4,Chalk,42.7,23.48,191.55,43.94,13.05,Medium,91.43
Arizona,14.72,Silt,32.13,46.27,60.02,47.69,6.89,Low,88.39
Texas,39.25,Loam,44.94,29.23,94.69,43.81,9.03,High,80.26
California,6.79,Sandy,20.6,31.77,72.95,19.38,13.17,High,96.62
Brazil,9.11,Chalk,34.53,65.09,97.19,34.32,14.01,Medium,97.75
Nevada,24.04,Chalk,24.55,21.68,153.46,48.5,3.46,High,94.87
Nevada,34.04,Silt,43.19,43.08,87.5,43.24,3.73,High,77.93
Australia,5.78,Chalk,33.97,23.96,135.24,48.42,10.74,High,90.78
South Africa,32.15,Clay,20.71,69.43,170.76,34.44,7.9,High,93.55
Mexico,23.94,Sandy,42.79,78.46,192.34,2.98,5.9,Medium,92.14
Mexico,11.57,Loam,27.67,11.46,170.82,9.99,10.32,High,95.56
California,35.56,Clay,29.08,69.87,182.59,19.1,1.06,High,80.17
India,22.36,Peat,43.02,54.64,101.96,3.09,2.39,Medium,96.06
Nevada,33.87,Loam,37.07,42.82,176.96,31.07,1.1,Low,81.77
Australia,39.64,Clay,22.3,71.42,191.27,49.26,6.27,Medium,76.36
Nevada,16.99,Silt,32.5,48.98,63.0,15.02,3.54,High,93.53
Brazil,27.23,Sandy,27.88,65.68,42.64,41.52,6.16,Medium,78.67
California,16.15,Chalk,25.48,26.71,110.54,42.94,9.33,Low,96.47
Mexico,20.74,Peat,24.06,57.44,157.62,41.83,12.71,High,83.2
Texas,20.14,Clay,44.49,19.81,22.09,22.95,5.24,High,93.64
India,32.75,Sandy,40.54,50.65,179.85,0.12,1.28,Medium,94.59
Texas,14.43,Loam,33.76,41.38,65.48,40.87,6.85,Low,95.24
California,9.51,Chalk,34.45,61.41,175.13,13.53,5.73,Medium,82.0
Nevada,27.8,Chalk,30.32,29.6,132.55,28.12,8.14,Medium,71.9
Arizona,7.47,Sandy,43.17,27.33,144.7,38.34,13.46,Low,98.92
South Africa,34.48,Chalk,30.7,44.84,79.02,43.72,4.77,Medium,81.76
India,24.33,Loam,44.09,47.54,191.48,9.09,8.04,Low,91.51
Arizona,11.76,Loam,34.58,35.59,182.57,24.66,6.03,Low,86.12
South Africa,39.18,Sandy,33.15,41.7,154.86,43.34,12.84,High,90.62
Nevada,26.93,Peat,29.04,70.76,148.08,16.62,4.28,High,81.3
Australia,5.35,Clay,24.14,26.48,56.91,3.47,12.05,High,95.15
Brazil,13.25,Clay,27.03,47.79,194.01,29.33,2.36,High,85.15
Australia,24.99,Clay,36.57,41.19,118.06,18.6,1.16,Low,72.03
Nevada,39.87,Loam,21.75,62.34,71.12,12.43,11.65,Low,96.06
India,14.57,Peat,32.68,62.35,7.54,40.83,2.07,High,86.44
California,36.04,Silt,28.39,48.59,192.73,36.62,4.96,Medium,90.97
South Africa,16.58,Silt,28.89,33.82,169.33,33.89,4.86,Medium,78.4
Texas,19.64,Peat,32.17,42.37,94.41,43.05,13.97,High,87.24
South Africa,27.12,Chalk,29.21,53.1,46.3,49.3,3.64,High,90.1
Texas,5.63,Loam,25.28,73.14,158.24,6.27,9.72,Low,89.4
Mexico,21.23,Sandy,34.34,60.28,32.94,16.19,13.54,Low,94.06
India,28.69,Loam,41.23,36.55,190.18,0.01,7.03,High,71.83
Nevada,19.46,Chalk,32.23,21.06,170.29,12.51,6.99,Medium,78.5
Mexico,33.82,Sandy,29.1,59.81,82.03,45.36,12.43,High,93.1
Australia,27.05,Silt,40.86,78.3,171.14,24.37,14.33,High,86.64
Australia,34.73,Chalk,21.57,47.55,127.57,2.49,3.27,Low,88.79
India,19.27,Clay,21.53,47.98,58.16,26.5,5.92,Medium,88.81
California,34.72,Sandy,28.85,79.65,32.87,28.34,3.55,Low,98.15
India,21.17,Clay,39.91,27.39,140.03,27.21,10.87,Medium,75.57
Spain,31.06,Sandy,23.91,66.25,183.89,8.41,5.76,Low,70.05
Spain,23.73,Chalk,38.12,65.32,13.72,14.63,4.42,High,96.03
Australia,39.31,Loam,40.42,20.59,115.99,28.83,8.7,Low,91.97
California,20.12,Clay,38.71,10.75,172.64,36.84,8.13,Low,98.45
California,29.25,Loam,36.16,71.1,123.85,15.18,1.79,Medium,71.75
Mexico,8.19,Sandy,26.34,31.2,181.71,49.64,7.67,Low,76.24
Spain,37.4,Peat,22.77,34.89,18.31,27.57,8.3,Medium,78.67
California,19.54,Peat,23.42,48.04,199.12,33.56,12.02,Low,83.97
Texas,15.27,Chalk,24.33,42.63,172.82,4.71,14.8,Low,77.44
Texas,5.22,Sandy,23.06,53.77,11.72,29.84,7.94,Low,76.28
Spain,21.91,Peat,35.62,35.38,178.61,8.91,10.46,Medium,88.77
Australia,13.96,Peat,26.68,50.67,152.19,18.23,12.97,Medium,70.49
India,23.55,Loam,31.49,51.67,130.65,9.65,11.77,Medium,89.4
California,36.4,Clay,44.93,46.57,65.12,24.71,14.43,Low,92.53
Spain,33.12,Loam,21.77,69.27,133.92,25.02,9.37,Medium,87.97
Texas,24.91,Peat,40.56,70.27,75.63,47.08,6.62,Medium,85.71
Spain,27.16,Sandy,28.31,59.06,120.47,36.04,13.0,Medium,81.07
Brazil,12.03,Chalk,27.21,63.11,9.11,36.05,14.31,High,94.28
California,37.85,Peat,42.21,39.51,44.33,29.39,8.9,High,75.64
Brazil,39.56,Chalk,24.56,70.39,3.81,48.69,9.52,High,71.63
Mexico,13.75,Peat,31.22,50.49,51.11,33.87,7.01,Low,75.47
Mexico,39.41,Sandy,41.43,76.73,166.07,44.63,7.85,Low,88.69
Arizona,32.95,Sandy,40.36,42.95,33.53,22.18,1.75,Medium,96.42
India,18.93,Loam,21.42,20.37,40.01,12.62,13.7,High,72.07
South Africa,36.89,Clay,34.37,61.25,136.85,11.21,8.97,Low,77.13
California,22.92,Chalk,24.48,47.51,28.33,47.49,14.62,Low,81.68
Arizona,30.84,Silt,36.17,13.72,86.39,32.69,10.6,High,87.33
Nevada,27.9,Clay,42.63,61.55,24.46,0.44,3.19,Low,78.28
India,6.04,Peat,31.74,57.41,160.48,36.49,10.29,Low,95.7
Nevada,18.22,Sandy,25.26,10.03,180.79,16.65,4.33,Medium,95.23
Australia,36.25,Loam,32.51,45.94,0.14,47.61,13.34,Medium,82.19
Texas,19.09,Silt,36.95,62.17,88.52,22.11,4.6,Low,96.37
Nevada,14.81,Clay,26.71,36.21,120.6,30.23,12.29,High,71.29
South Africa,36.06,Silt,29.81,63.96,131.21,2.45,3.8,High,83.29
Mexico,6.77,Clay,33.23,46.83,118.13,12.56,12.69,High,78.2
Mexico,7.37,Chalk,27.89,41.64,134.74,24.36,7.29,Low,77.61
California,7.46,Peat,32.88,61.68,39.02,19.85,3.09,Low,96.26
Brazil,18.33,Silt,36.03,36.33,156.45,11.69,3.32,High,88.38
Arizona,22.45,Chalk,40.6,50.96,86.07,22.14,10.72,Medium,95.46
Spain,15.49,Silt,27.81,27.42,2.01,13.08,11.18,High,92.63
Arizona,34.81,Peat,43.42,60.54,162.07,33.94,1.75,High,98.91
South Africa,6.53,Silt,36.63,28.27,192.96,41.21,1.71,Low,75.11
Mexico,15.94,Peat,31.39,21.95,55.18,28.74,6.41,Medium,92.23
South Africa,34.43,Peat,23.75,63.85,27.66,41.09,8.53,Low,88.03
Texas,25.37,Clay,36.69,11.3,149.61,3.49,8.05,Low,79.57
India,32.97,Chalk,22.79,45.74,23.17,6.08,11.24,Medium,95.36
Spain,9.24,Chalk,44.44,33.17,37.73,37.69,3.93,Low,74.23
Nevada,6.78,Sandy,20.41,39.89,153.45,1.61,7.63,High,91.61
Texas,9.23,Silt,43.08,58.22,26.79,48.4,6.59,Medium,97.23
Nevada,35.7,Silt,38.15,34.92,151.0,25.43,13.28,Low,73.78
Texas,21.95,Peat,27.97,62.51,50.26,36.18,11.56,Low,90.34
Mexico,22.86,Peat,38.53,44.04,83.14,36.61,1.26,Medium,84.55
Arizona,17.82,Peat,40.61,58.67,63.36,20.42,9.92,Low,90.39
Nevada,5.64,Silt,37.79,54.39,98.1,42.51,5.51,Medium,94.59
Texas,33.76,Silt,26.43,75.81,77.66,14.0,14.04,Medium,73.36
Nevada,29.65,Silt,25.79,69.7,128.69,6.36,1.05,Medium,77.89
Texas,12.13,Sandy,28.56,77.47,87.51,22.86,8.99,Low,81.12
Nevada,34.61,Peat,38.14,37.32,95.37,17.07,8.61,Medium,85.63
India,32.57,Peat,36.16,32.05,92.75,9.45,2.54,High,84.99
Texas,21.71,Silt,33.67,62.65,165.91,25.91,10.8,High,79.35
California,16.32,Peat,40.11,39.43,78.74,49.89,5.24,Medium,98.01
California,29.08,Loam,40.9,76.17,167.75,12.8,4.53,Low,87.74
Nevada,34.64,Silt,24.4,16.86,76.21,36.83,13.75,Low,91.39
Nevada,26.14,Chalk,26.26,10.63,119.8,27.27,12.04,Low,90.27
California,19.9,Loam,27.42,11.39,30.29,29.42,3.42,Low,83.83
Texas,39.48,Chalk,39.53,60.91,160.71,14.59,1.21,High,71.85
Brazil,6.98,Silt,25.29,19.45,132.0,3.26,2.3,Medium,79.77
Spain,23.9,Sandy,30.4,27.21,55.42,10.7,1.07,Low,82.79
Texas,12.7,Sandy,23.31,40.19,37.87,37.36,14.75,Low,72.3
Mexico,23.45,Loam,36.85,59.61,170.35,35.35,11.97,High,94.71
Arizona,25.1,Peat,36.51,30.19,15.59,28.6,10.94,Medium,84.86
Arizona,29.39,Loam,22.43,38.61,7.15,16.92,11.59,High,82.89
Mexico,35.5,Silt,26.91,33.82,11.59,13.57,4.55,Medium,71.04
South Africa,26.2,Sandy,27.33,27.87,60.65,37.45,12.82,Low,87.42
Nevada,23.99,Chalk,33.97,67.6,161.77,45.6,5.48,High,97.2
Nevada,21.07,Peat,33.95,72.42,32.51,1.99,9.07,Medium,97.58
Australia,30.38,Chalk,31.27,57.86,129.53,1.15,14.43,Medium,70.84
India,22.46,Clay,21.69,29.76,48.41,21.92,1.15,High,82.97
Arizona,11.39,Chalk,35.08,78.79,101.82,8.56,9.56,High,86.23
Brazil,39.97,Sandy,33.32,11.22,186.88,6.94,3.94,Low,74.2
Nevada,32.12,Clay,41.75,76.67,34.44,18.7,2.85,Low,83.85
California,33.65,Loam,28.51,69.73,62.39,0.65,6.99,High,79.11
California,26.04,Clay,29.33,77.09,134.49,34.07,13.15,High,89.88
Texas,27.05,Silt,26.39,30.99,111.79,47.42,1.51,Medium,73.01
Brazil,13.25,Clay,23.01,20.82,118.92,17.79,11.1,High,92.92
India,9.51,Peat,41.61,55.83,23.89,36.48,8.75,Low,78.36
California,27.23,Silt,33.09,79.19,120.27,16.12,12.39,High,97.72
Spain,37.88,Sandy,22.78,20.49,51.4,15.77,10.21,Low,80.03
India,25.02,Clay,43.39,58.83,18.37,32.37,3.41,High,71.22
Spain,19.36,Loam,36.05,43.3,87.5,7.46,1.78,Low,89.95
Mexico,21.14,Peat,35.82,44.09,135.84,43.67,10.06,Medium,82.63
Spain,24.66,Chalk,22.49,36.52,113.67,24.84,4.82,Low,76.6
India,32.14,Clay,43.11,53.52,133.7,23.7,14.49,Low,82.82
California,39.12,Loam,27.23,37.77,199.97,32.3,7.13,High,94.1
Brazil,35.95,Loam,27.84,54.14,155.17,45.96,8.12,High,70.86
South Africa,24.07,Clay,22.51,74.54,15.58,23.63,12.16,Low,84.24
Texas,24.48,Loam,25.14,58.9,36.39,14.71,4.64,High,86.45
Nevada,14.41,Sandy,36.05,78.33,153.17,28.09,3.4,Medium,76.7
Texas,9.22,Peat,24.63,10.21,149.97,13.1,2.35,Medium,74.57
South Africa,37.88,Peat,40.74,72.67,22.65,20.04,12.25,Low,87.62
Nevada,18.95,Sandy,25.99,64.43,51.15,21.98,13.16,Medium,79.85
South Africa,36.42,Sandy,33.92,41.76,1.5,18.62,3.17,Medium,75.8
Texas,25.84,Loam,21.03,42.41,45.59,47.57,2.79,Low,90.04
Nevada,12.87,Peat,25.44,15.97,128.25,28.18,8.28,High,98.64
Brazil,33.03,Clay,20.98,49.71,87.91,4.2,11.21,Low,90.64
Brazil,34.07,Silt,38.39,15.11,38.73,30.83,3.79,Low,80.44
India,17.04,Chalk,39.45,14.26,145.89,45.18,3.27,High,74.38
Brazil,28.83,Silt,30.82,70.17,154.6,33.49,8.12,Low,71.82
Nevada,39.7,Sandy,38.11,37.78,166.7,13.58,8.2,Low,95.46
Mexico,30.7,Peat,27.62,39.79,67.23,26.33,8.91,Low,73.72
Spain,17.97,Sandy,31.26,55.73,83.21,0.12,14.94,Low,94.22
Texas,11.72,Silt,21.18,70.56,171.23,21.96,3.57,Medium,76.64
California,6.2,Clay,30.55,17.46,58.4,26.0,3.3,High,93.57
Spain,23.87,Loam,27.89,57.34,106.58,34.05,10.86,High,90.68
California,35.23,Silt,34.53,23.76,117.99,6.0,5.44,Medium,70.9
South Africa,18.69,Sandy,32.36,35.12,75.34,31.25,1.98,High,85.44
Nevada,16.09,Peat,30.66,72.2,14.72,47.16,1.27,Medium,98.04
Texas,17.84,Chalk,44.78,52.0,165.55,38.36,14.55,High,85.93
Texas,33.07,Sandy,35.8,20.93,108.69,3.83,14.93,High,90.63
Nevada,18.29,Chalk,44.6,17.35,194.54,1.54,13.6,High,71.91
Arizona,34.83,Chalk,25.91,23.13,112.3,25.87,3.84,Medium,88.9
Nevada,34.29,Clay,29.92,40.12,183.49,28.25,7.92,Medium,81.3
California,9.24,Silt,41.36,31.13,16.66,20.22,10.61,Medium,71.72
California,26.46,Chalk,20.99,52.63,13.24,39.6,14.45,Low,78.0
Spain,12.11,Clay,38.72,44.92,79.3,24.8,1.65,Medium,70.73
Australia,26.44,Peat,31.13,33.28,195.13,3.69,9.5,Medium,83.98
Spain,26.86,Peat,36.81,36.17,118.18,32.79,7.79,Medium,71.65
Texas,21.5,Silt,41.33,69.11,133.24,7.15,10.25,Low,84.33
South Africa,12.86,Clay,39.54,35.22,97.8,40.02,1.86,High,93.3
Brazil,21.78,Sandy,24.41,14.77,160.01,40.16,2.61,Medium,79.29
California,14.18,Loam,43.59,35.75,41.28,7.76,2.39,Low,94.81
Brazil,11.23,Loam,39.3,39.15,51.31,34.07,7.0,Medium,88.51
Nevada,14.39,Loam,24.76,74.82,171.27,41.62,11.88,High,93.31
Nevada,39.76,Silt,22.06,37.38,99.11,20.72,5.65,Low,87.96
India,12.49,Loam,39.45,58.34,34.42,31.66,14.54,Low,93.17
South Africa,27.13,Peat,41.83,54.98,2.38,22.17,8.26,Low,73.94
India,6.84,Chalk,33.41,16.93,128.1,4.45,3.06,Low,92.8
South Africa,12.38,Chalk,33.12,14.68,36.97,12.53,9.61,High,71.03
Texas,37.66,Sandy,25.79,15.78,87.74,37.61,1.28,Low,91.22
Texas,36.33,Sandy,42.83,11.62,58.05,29.01,12.48,Low,75.55
Spain,12.18,Clay,31.29,35.96,122.12,17.59,11.81,High,87.98
Arizona,38.02,Sandy,42.53,65.68,186.53,2.56,3.4,High,83.99
California,22.67,Silt,24.77,42.81,111.26,3.88,14.93,Low,94.18
South Africa,18.57,Chalk,29.92,12.15,87.18,24.41,1.36,Low,86.58
Australia,23.07,Silt,41.37,25.53,24.04,10.32,8.48,High,82.59
South Africa,17.04,Silt,43.84,23.41,162.98,42.78,10.33,Low,97.39
Texas,19.4,Loam,41.8,35.61,150.81,30.94,4.7,Low,76.32
Spain,19.3,Chalk,37.72,72.59,5.01,40.43,12.47,Low,77.96
South Africa,33.11,Chalk,44.31,53.05,183.94,21.59,8.52,Medium,86.26
India,23.1,Silt,35.45,59.12,97.9,36.12,7.48,High,77.68
Australia,37.49,Sandy,29.28,74.04,124.37,29.75,3.82,Low,75.84
Arizona,16.27,Chalk,28.78,55.17,18.32,33.91,2.25,Medium,91.4
California,13.98,Loam,38.39,64.84,81.68,33.53,3.49,Medium,88.93
South Africa,12.19,Peat,37.92,27.64,97.19,3.37,1.14,Medium,90.14
Australia,16.66,Peat,21.39,59.87,34.12,14.34,8.79,High,74.48
Brazil,10.64,Loam,38.01,53.47,182.16,34.93,6.53,High,97.28
Texas,12.05,Clay,32.56,26.27,18.47,39.94,14.55,Medium,88.99
Texas,36.87,Silt,22.2,72.13,183.88,15.55,6.87,Medium,75.34
Brazil,20.07,Chalk,44.12,55.83,98.71,3.49,4.54,Low,72.48
Brazil,36.09,Sandy,44.79,33.47,127.7,1.85,2.32,High,75.29
South Africa,21.91,Sandy,44.42,52.51,13.12,29.05,13.52,Medium,88.64
Brazil,11.58,Chalk,35.95,64.98,9.56,17.62,3.9,Medium,75.05
South Africa,27.61,Clay,33.74,34.57,142.39,36.73,8.33,Medium,76.71
Nevada,16.61,Clay,43.75,73.88,99.38,44.85,2.42,Low,90.93
Spain,29.96,Clay,36.12,60.51,82.14,3.62,14.33,Medium,98.05
California,16.99,Loam,31.81,78.64,97.9,40.68,7.54,High,87.15
Arizona,15.83,Silt,34.58,37.69,38.96,7.22,6.92,High,93.64
India,5.07,Clay,30.11,30.7,137.75,5.21,8.98,Low,77.86
South Africa,32.41,Peat,36.68,53.19,40.13,3.05,5.49,Medium,98.26
India,17.38,Sandy,31.33,29.23,75.14,44.09,10.59,Medium,85.68
Spain,15.94,Peat,26.66,57.98,9.98,19.32,12.33,Low,97.88
Arizona,24.99,Chalk,28.56,27.64,183.46,27.43,5.45,Low,95.28
Australia,34.75,Clay,39.21,55.51,114.05,48.79,8.62,High,91.72
Nevada,20.01,Peat,40.03,66.34,80.19,1.06,14.02,High,91.36
Nevada,5.85,Loam,34.89,74.81,89.1,17.1,1.83,High,98.21
Brazil,30.93,Loam,22.73,18.42,38.43,22.59,12.69,Low,70.52
India,20.58,Chalk,35.51,40.18,102.26,18.11,10.68,Low,83.33
Brazil,21.26,Silt,41.28,42.25,23.88,45.57,6.56,Medium,94.63
Arizona,15.32,Peat,30.34,43.65,112.24,4.1,14.68,High,92.73
India,20.01,Chalk,24.33,25.92,121.56,43.92,8.76,High,71.05
Arizona,24.79,Chalk,36.23,45.1,98.91,3.3,2.66,High,79.2
Mexico,24.2,Loam,38.42,56.07,68.35,38.17,11.77,Medium,70.04
Nevada,15.0,Chalk,28.54,74.87,50.48,48.53,3.41,Medium,70.28
Texas,6.84,Clay,38.23,25.6,25.74,39.43,3.53,High,95.59
Brazil,8.69,Silt,25.63,67.15,111.28,24.49,9.94,High,85.86
Nevada,35.57,Loam,42.02,35.43,180.1,35.29,3.39,Medium,86.68
South Africa,19.7,Sandy,32.47,14.94,177.87,20.54,7.84,High,71.01
California,32.92,Loam,24.04,67.2,164.85,27.94,3.65,Low,91.58
India,23.28,Peat,30.39,16.47,176.23,0.47,8.73,Low,84.23
Brazil,17.9,Peat,40.11,73.65,6.08,10.21,11.13,Medium,97.3
Arizona,36.64,Peat,37.73,33.91,66.48,2.96,4.88,Medium,97.57
California,11.5,Loam,30.37,53.89,192.08,25.36,9.51,Low,81.78
Australia,17.77,Sandy,38.14,69.71,65.34,43.67,10.91,High,97.66
Australia,16.7,Sandy,29.44,20.55,189.46,33.79,4.46,Medium,81.41
Mexico,23.32,Silt,30.24,46.08,129.7,6.59,4.01,High,91.84
Spain,7.99,Chalk,23.96,16.9,49.92,13.88,2.4,Medium,77.65
California,26.48,Chalk,33.2,78.39,180.23,37.11,11.19,Medium,75.91
Australia,37.74,Peat,35.17,30.96,34.26,17.32,14.89,High,73.83
Arizona,11.7,Clay,34.98,56.41,122.96,14.15,10.94,Medium,86.13
Australia,8.38,Peat,20.95,67.29,115.0,1.9,3.47,Medium,85.27
Mexico,28.81,Chalk,44.02,30.38,57.5,40.85,14.66,Low,79.02
South Africa,7.99,Peat,40.83,64.33,170.99,11.84,4.99,High,77.4
Australia,29.81,Sandy,22.6,11.65,166.37,41.58,4.11,High,88.12
Nevada,39.55,Loam,34.15,72.63,96.49,30.86,4.67,High,85.02
Arizona,9.54,Peat,33.26,42.51,123.99,2.99,13.27,Medium,84.71
Spain,18.0,Peat,42.0,52.35,31.39,3.49,5.03,Low,82.63
Arizona,33.26,Peat,28.2,24.02,22.94,12.25,4.39,High,96.07
Australia,19.64,Sandy,31.89,73.97,5.57,25.65,3.93,Low,78.56
Brazil,15.7,Loam,37.64,74.53,63.55,32.57,13.93,Low,92.3
Brazil,12.04,Chalk,21.01,12.42,64.4,41.24,1.63,Medium,76.82
Australia,29.66,Sandy,39.08,70.29,182.84,16.56,13.02,High,82.36
Arizona,10.56,Clay,42.44,26.54,56.3,8.21,12.38,Low,80.07
California,13.44,Loam,35.43,79.75,100.14,18.64,1.08,Low,70.61
Nevada,35.21,Sandy,38.21,32.1,11.24,17.8,11.33,Medium,88.08
Arizona,39.45,Silt,20.06,37.94,154.1,25.96,1.19,High,77.21
Arizona,22.14,Chalk,33.07,68.39,68.21,7.93,8.31,Low,93.41
Australia,33.75,Sandy,31.84,78.57,87.88,48.37,1.64,Low,89.38
Mexico,20.03,Loam,23.35,32.31,90.22,32.9,6.95,Medium,83.52
South Africa,10.68,Clay,42.25,25.05,58.92,4.94,13.95,Low,96.73
Brazil,29.42,Chalk,42.06,54.05,99.25,30.41,12.83,High,91.84
India,22.96,Clay,41.05,52.46,177.49,43.09,12.3,Low,94.11
Australia,21.97,Chalk,26.3,68.11,137.95,18.03,13.78,High,82.36
Nevada,33.75,Loam,27.41,78.37,149.29,34.09,8.11,Low,95.12
Brazil,11.47,Clay,44.23,19.56,183.21,40.96,10.39,Low,72.81
South Africa,7.92,Clay,34.49,43.43,25.43,37.93,9.88,Low,95.3
Mexico,24.53,Clay,26.42,32.34,58.0,11.04,10.18,Medium,97.68
Texas,20.39,Clay,29.48,57.15,13.3,30.97,1.4,High,91.52
Arizona,35.04,Clay,38.63,29.66,104.06,46.62,7.96,Low,96.6
Nevada,9.75,Clay,44.93,55.73,158.52,12.45,10.31,Low,96.33
South Africa,11.43,Chalk,25.61,71.82,197.72,28.28,2.02,High,92.73
Mexico,25.09,Clay,32.71,37.2,196.52,8.47,5.73,Low,94.78
Brazil,32.59,Loam,37.26,34.01,120.18,16.32,6.04,Low,80.56
California,16.45,Sandy,25.94,30.06,44.4,31.09,6.97,Medium,81.6
Nevada,19.19,Peat,27.32,78.67,70.7,39.61,3.61,Low,90.39
California,17.8,Clay,28.44,74.21,25.16,13.56,5.97,Medium,94.84
California,39.43,Sandy,44.48,74.74,161.9,14.66,6.43,High,72.35
Australia,34.77,Chalk,34.11,24.95,156.25,33.15,1.11,Low,91.76
Australia,20.03,Clay,25.31,68.86,9.85,39.02,7.08,Low,96.41
Brazil,9.25,Loam,24.25,37.72,146.8,9.04,9.24,Medium,94.9
Nevada,36.66,Silt,44.91,33.39,5.73,15.51,2.34,High,97.58
Australia,18.69,Sandy,23.34,77.11,96.1,37.86,12.06,High,82.37
Australia,21.02,Chalk,20.17,79.89,157.26,45.26,2.88,Medium,71.87
Nevada,27.66,Silt,40.84,67.15,147.54,8.22,8.75,Low,80.04
Brazil,15.61,Silt,43.46,31.75,124.44,15.8,6.12,Medium,89.16
California,27.39,Sandy,34.86,41.68,70.09,46.37,12.35,High,74.84
Mexico,32.4,Silt,26.48,35.79,102.18,30.99,6.99,High,79.0
Nevada,39.61,Sandy,21.7,45.79,55.21,14.98,7.72,Low,80.41
Australia,36.9,Sandy,35.04,13.57,113.19,19.02,3.25,High,77.78
Arizona,20.14,Sandy,42.62,57.13,101.95,16.76,5.02,High,94.32
Arizona,8.28,Chalk,42.73,45.58,161.93,20.15,5.62,Medium,89.9
California,8.6,Clay,43.74,77.45,107.13,41.51,4.52,Low,83.57
South Africa,22.34,Silt,28.95,26.53,1.02,18.03,8.85,Medium,80.78
Mexico,11.07,Peat,21.12,44.38,9.27,30.27,8.42,High,89.08
Arizona,9.57,Loam,27.82,73.25,22.92,16.94,2.23,High,92.41
Brazil,37.8,Silt,41.69,58.22,181.67,4.87,1.84,Low,83.34
India,36.67,Sandy,32.27,16.71,106.57,7.56,10.79,Low,84.9
South Africa,18.07,Sandy,36.21,59.89,19.08,35.6,6.58,Low,80.8
Mexico,13.35,Loam,28.64,50.91,86.93,35.08,9.53,Low,90.64
Arizona,36.48,Peat,30.94,65.88,87.12,15.36,11.66,Low,94.97
Brazil,23.02,Peat,44.11,59.17,117.78,48.21,2.22,High,84.88
Texas,10.3,Clay,28.83,23.92,83.32,2.59,13.42,High,73.43
South Africa,24.22,Chalk,25.21,74.48,41.57,22.18,3.72,Medium,72.22
Spain,19.58,Silt,34.31,32.69,178.11,22.59,14.88,Low,83.74
Australia,28.54,Peat,24.4,36.89,112.51,47.1,7.84,High,73.78
India,22.29,Loam,25.4,56.83,103.44,13.73,1.12,Medium,77.9
Nevada,27.95,Loam,29.14,13.25,185.53,44.68,11.45,Low,84.09
Mexico,25.33,Loam,22.19,20.27,31.97,41.41,11.64,High,73.09
California,21.04,Peat,44.78,64.66,63.88,7.42,3.22,Medium,73.73
South Africa,21.58,Peat,22.34,38.69,160.98,22.85,2.22,Low,84.44
California,11.51,Chalk,44.55,44.11,164.74,21.74,2.8,High,72.38
Nevada,16.35,Peat,24.02,40.43,45.98,23.17,9.83,Medium,78.27
Brazil,35.57,Sandy,38.51,78.15,85.75,36.15,11.86,High,86.63
Arizona,29.27,Sandy,29.29,35.83,112.08,11.43,5.9,Low,86.35
Mexico,29.63,Peat,39.66,31.74,198.25,16.98,7.24,Low,83.51
Texas,20.34,Peat,39.93,63.13,199.2,22.88,13.27,High,75.76
Mexico,31.4,Sandy,38.34,53.65,167.63,10.9,13.48,Medium,94.78
India,10.3,Sandy,41.2,11.61,22.38,25.66,13.71,Medium,78.88
Brazil,11.0,Chalk,44.94,74.09,105.68,36.4,9.81,High,73.57
Spain,33.55,Silt,24.76,46.45,152.95,4.43,8.51,High,88.73
Arizona,14.86,Loam,34.29,12.79,117.56,19.66,2.99,High,79.33
South Africa,5.08,Silt,35.01,31.53,181.25,27.41,14.71,Low,71.43
Nevada,18.73,Loam,42.03,53.41,145.68,33.84,10.32,Low,92.8
India,36.29,Silt,39.4,56.05,124.89,4.94,4.23,High,97.56
Nevada,38.24,Loam,25.45,19.16,7.23,39.11,8.86,High,73.63
Spain,39.34,Sandy,32.75,10.16,133.99,2.65,1.52,Medium,72.61
California,20.16,Loam,44.26,13.83,0.91,44.2,14.74,High,89.35
Spain,9.77,Clay,27.84,36.5,120.55,0.48,13.18,Medium,89.26
Spain,22.81,Silt,41.48,42.38,3.68,28.23,12.23,Medium,96.63
Brazil,19.51,Peat,44.98,38.27,100.87,49.0,10.54,High,73.92
Australia,9.32,Chalk,38.9,59.14,48.72,10.71,14.93,High,94.83
Nevada,9.06,Clay,32.24,46.13,97.63,36.39,3.85,Medium,95.41
Australia,19.91,Peat,21.0,59.7,128.72,3.72,8.47,Low,80.82
India,22.24,Peat,20.8,60.48,98.89,35.78,12.69,Medium,79.82
Brazil,31.11,Clay,22.61,38.41,108.95,37.35,11.25,High,74.3
Brazil,18.77,Peat,37.64,21.61,72.95,4.44,14.31,Medium,93.96
Arizona,14.3,Chalk,21.96,35.13,92.78,31.44,7.73,High,83.4
Texas,35.37,Chalk,25.16,77.31,174.74,34.13,12.82,High,92.77
India,6.6,Silt,22.5,31.38,155.19,25.01,13.53,High,93.39
Australia,19.1,Clay,32.83,15.1,165.76,10.79,14.09,High,73.8
Texas,10.25,Chalk,36.66,55.08,103.52,18.19,11.98,Medium,85.95
Arizona,5.31,Sandy,31.36,10.17,33.19,29.46,11.22,Medium,73.23
South Africa,8.61,Sandy,32.57,76.38,24.2,9.95,6.58,Low,79.96
Australia,30.54,Silt,33.16,10.07,196.93,2.93,1.99,Low,76.65
Australia,30.48,Chalk,29.74,15.21,196.31,13.59,8.36,Low,97.32
Brazil,36.72,Loam,28.57,64.77,141.47,48.55,7.11,High,86.75
South Africa,30.67,Peat,36.61,42.69,41.32,26.93,5.16,High,85.35
Brazil,30.58,Silt,24.74,40.54,104.6,7.18,11.56,High,84.15
South Africa,33.11,Clay,36.85,64.52,167.71,2.08,4.19,Medium,77.05
California,29.26,Sandy,24.07,34.03,138.57,43.06,14.46,Low,77.35
Australia,19.57,Clay,34.6,47.61,100.87,48.52,3.99,High,76.12
Australia,20.55,Sandy,39.9,66.72,49.73,22.63,12.09,Medium,97.32
South Africa,35.1,Silt,43.61,52.2,127.39,39.54,10.94,High,87.16
Arizona,27.41,Peat,34.19,24.63,113.02,41.34,2.03,High,98.88
South Africa,21.7,Peat,29.98,72.8,40.92,22.22,14.79,High,80.85
Spain,33.39,Loam,38.74,31.69,185.62,36.54,1.55,Medium,76.27
Arizona,24.25,Peat,40.69,13.55,18.73,42.35,5.07,Medium,71.55
Arizona,28.73,Clay,30.11,40.05,189.18,0.71,14.69,Low,94.84
Australia,11.19,Chalk,30.99,57.34,132.75,0.27,11.05,Medium,77.26
Spain,33.37,Loam,23.68,48.49,50.54,27.02,14.41,Medium,72.04
Brazil,6.4,Loam,40.05,79.49,96.67,32.72,4.97,High,83.54
Nevada,10.6,Clay,42.05,18.01,147.59,24.98,10.25,High,71.34
Brazil,14.27,Chalk,30.0,40.13,98.47,41.15,4.4,High,89.39
Arizona,10.32,Chalk,38.52,18.07,129.28,16.44,3.78,Low,97.56
Spain,5.66,Loam,32.22,17.5,80.18,43.43,14.88,High,93.52
Texas,13.06,Clay,44.3,58.62,114.6,40.86,1.71,Medium,88.48
Nevada,11.27,Chalk,28.22,44.92,55.27,17.92,5.56,Medium,95.9
Texas,32.27,Clay,20.4,14.08,13.35,36.26,4.37,Low,78.31
Nevada,21.55,Sandy,21.75,65.42,153.27,12.17,6.74,High,76.98
Australia,35.66,Loam,40.38,47.38,154.42,45.84,6.33,Low,96.67
Australia,13.17,Silt,30.28,78.19,136.29,41.5,7.46,Low,96.77
Brazil,5.47,Peat,25.36,30.4,161.46,1.37,8.71,Medium,75.39
Mexico,33.37,Sandy,24.05,76.29,40.71,45.94,7.63,Medium,89.88
Texas,35.34,Peat,30.13,20.27,75.55,19.56,6.57,Medium,92.76
Mexico,19.02,Clay,30.45,47.32,81.23,39.21,7.98,Low,70.27
Mexico,28.63,Peat,23.71,45.26,113.68,15.43,11.68,Medium,86.87
Spain,22.7,Silt,39.72,42.79,49.16,36.46,8.43,Medium,89.99
Mexico,25.9,Clay,38.96,43.87,154.16,28.57,7.73,High,79.67
Spain,35.38,Clay,44.89,41.6,179.58,37.99,9.77,Low,73.03
California,11.47,Silt,37.09,30.25,190.06,47.55,6.91,Medium,94.8
Texas,11.36,Loam,22.55,28.51,110.81,4.7,3.09,High,72.51
California,25.08,Loam,34.39,58.19,73.8,7.31,13.75,Medium,94.1
Spain,31.29,Chalk,35.47,38.46,47.62,8.13,10.52,Low,79.66
Mexico,13.06,Sandy,34.99,64.86,153.64,22.05,12.74,Low,83.03
Nevada,31.68,Silt,29.88,21.26,23.16,6.82,11.87,Medium,97.88
Spain,38.33,Silt,32.17,23.69,112.9,14.37,11.21,Medium,71.7
Mexico,7.06,Loam,39.14,43.98,118.11,41.52,4.82,Medium,74.96
South Africa,35.29,Silt,27.79,16.68,167.12,41.63,1.72,High,82.85
Brazil,5.65,Chalk,29.92,74.62,198.49,3.56,2.96,Low,80.53
Mexico,13.34,Clay,35.43,27.93,162.19,39.09,5.22,Medium,85.22
South Africa,26.67,Loam,29.54,49.83,9.88,35.96,14.15,Low,90.04
Australia,39.81,Chalk,27.94,64.96,142.48,28.43,2.1,Low,77.43
Australia,9.91,Silt,28.77,47.84,107.39,49.87,8.39,High,81.85
Mexico,36.77,Loam,37.46,12.19,158.02,28.75,14.24,Low,88.88
Spain,39.07,Silt,33.86,68.37,140.12,44.99,1.63,High,89.41
Nevada,16.52,Clay,33.28,26.66,186.45,44.71,13.61,High,82.27
Texas,30.86,Chalk,22.8,76.25,86.38,17.98,9.92,High,71.4
Texas,35.91,Peat,40.27,15.43,82.02,24.75,2.88,Medium,71.9
California,36.05,Chalk,33.46,12.08,67.1,3.97,14.2,Medium,88.29
South Africa,20.88,Silt,38.04,62.89,48.66,2.94,5.97,High,77.83
Brazil,33.07,Clay,30.95,44.21,50.53,9.23,4.96,Low,86.4
South Africa,17.31,Loam,40.51,66.56,186.5,6.33,3.12,High,84.36
California,32.54,Clay,34.88,27.3,55.74,47.42,14.41,High,97.42
South Africa,12.1,Sandy,36.13,15.48,123.88,4.7,1.75,Medium,97.9
Nevada,16.59,Chalk,20.29,73.63,44.17,17.63,3.17,High,84.4
South Africa,34.22,Silt,23.13,73.12,131.64,47.82,3.91,High,92.87
South Africa,21.4,Sandy,23.19,23.91,61.55,17.2,14.9,Low,86.67
South Africa,12.68,Chalk,28.21,70.53,80.14,11.44,3.0,High,86.73
Mexico,21.71,Chalk,28.47,20.32,94.09,0.66,1.8,Low,72.54
Australia,26.02,Sandy,37.21,43.19,45.74,33.71,14.03,Medium,72.72
California,30.59,Peat,22.7,26.88,38.48,10.67,3.38,High,77.79
Nevada,31.17,Clay,42.85,53.94,186.8,9.93,7.61,High,79.5
Australia,33.41,Loam,36.06,28.92,86.22,46.4,2.44,High,84.5
California,10.13,Clay,42.09,69.39,66.26,14.22,4.64,Medium,90.12
Texas,31.96,Silt,20.2,34.07,154.4,14.55,15.0,Low,77.79
Nevada,22.61,Silt,37.1,22.44,1.1,39.15,5.35,Low,81.55
Australia,24.5,Silt,22.32,35.74,183.93,18.91,5.1,Medium,77.47
California,33.85,Sandy,39.89,10.79,75.27,40.18,6.09,Low,70.21
Australia,10.53,Chalk,40.54,26.82,119.31,38.93,9.32,Medium,84.87
Australia,13.15,Peat,44.12,61.18,49.77,0.68,13.29,Medium,75.59
California,29.11,Silt,43.77,53.25,37.82,20.45,6.54,High,94.12
Spain,15.42,Peat,35.19,47.29,160.0,43.53,10.7,Low,74.67
Texas,34.35,Loam,31.13,19.76,134.06,37.45,2.75,Medium,89.66
Arizona,5.66,Loam,43.28,30.24,157.2,19.0,11.26,Medium,93.9
Texas,14.62,Silt,30.46,14.45,179.3,4.31,13.66,Medium,84.45
Mexico,19.16,Chalk,33.05,50.91,127.52,31.26,1.15,High,97.05
Australia,16.11,Chalk,26.7,41.98,80.64,10.22,4.6,High,78.58
California,26.59,Peat,24.79,59.12,18.11,15.67,6.38,High,96.28
Nevada,32.16,Chalk,25.56,58.49,124.89,9.23,5.67,High,83.4
Nevada,19.87,Sandy,24.28,49.52,94.17,13.25,12.12,Medium,79.25
Brazil,28.09,Clay,44.76,29.76,149.45,6.16,7.61,High,93.85
Mexico,35.78,Clay,34.44,53.51,102.14,49.16,4.53,High,89.95
India,14.84,Loam,27.51,33.52,192.27,48.82,1.27,Low,85.12
India,38.09,Peat,28.86,13.25,52.95,14.99,4.03,High,73.32
Nevada,13.67,Clay,39.88,56.71,187.18,7.65,5.48,High,79.84
India,25.98,Peat,40.37,34.01,55.59,32.92,6.19,Low,78.16
California,6.91,Sandy,30.23,50.94,173.88,40.47,2.9,Medium,76.6
Arizona,19.42,Peat,37.86,47.83,65.37,43.74,9.22,Medium,87.86
Australia,6.16,Silt,41.73,34.43,151.51,3.68,5.57,High,79.1
South Africa,6.43,Sandy,32.83,63.84,161.25,28.48,12.67,High,88.27
South Africa,35.85,Loam,22.84,67.98,195.8,3.84,2.24,Medium,95.74
California,21.47,Silt,43.04,38.54,1.35,38.71,6.43,High,86.08
South Africa,23.83,Peat,35.09,72.34,10.64,49.48,7.97,Medium,72.56
Texas,18.53,Sandy,29.46,77.89,113.24,47.06,9.64,Low,92.23
Texas,14.46,Clay,27.03,21.66,0.07,9.72,3.72,Low,76.92
California,30.16,Sandy,42.13,56.76,108.7,35.91,7.73,High,98.03
Mexico,17.49,Sandy,24.21,20.34,75.78,12.49,12.04,Medium,75.61
Mexico,28.75,Chalk,28.93,71.25,185.52,22.26,13.97,Low,86.46
South Africa,26.96,Peat,23.73,77.21,125.41,36.21,9.08,High,82.53
Texas,32.26,Peat,39.05,24.3,181.69,44.13,2.88,Low,75.25
Nevada,24.83,Clay,21.84,23.77,80.3,37.3,1.7,Low,83.38
